:100000000C9464090C948F090C948F090C948F093B
:100010000C948F090C948F090C948F090C948F0900
:100020000C949E540C948F090C948F090C948F0996
:100030000C948F090C940B520C948F090C948F091B
:100040000C948F090C948F090C948F090C948F09D0
:100050000C94A9540C94D0540C948F090C948F09CF
:100060000C948F090C948F090C948F090C948F09B0
:100070000C948F090C948F090C948F090C948F09A0
:100080000C948F090C948F090C948F0904020704B7
:100090000000020002040400040000040400000048
:1000A0000404040407040704000204040400040414
:1000B0000004040107040004020000000000000026
:1000C0000600020278DA9D5AE96EDC38127E156D60
:1000D00003C11EB0BD2DF5ED457ED86DCF8C3171BD
:1000E000E2F1B119EC6220C812BB9BB0AE11251F22
:1000F0003BC8BB6F1DBCA4EE64762780D122592C6F
:10010000168BC5AAAF8AF96D94D4F5E874F463929E
:10011000CBB41A1D8D1E3B9967F1B36894AC4A05A8
:1001200023DB343D0DFEF2FD7AFDD7209C9E442753
:10013000E3E051965D2B7385DD1F1F8273DDFC6B41
:10014000109D4C2727ABF149348E66E3308A805DE1
:100150005A15455266C0E8B7519229E81CC749DBD9
:1001600026E92ECEAB248B5391E771DD548F22A864
:1001700064F6FE5D1A0CBA63EE1E9DAEC223E23039
:10018000098BF1EB1FE531031E795EA5494B9D2AD2
:1001900048ABAE6C696C897B6F5BD8749CA44F864E
:1001A000931B9FCE3D822C330475A5E84796EFDF65
:1001B0007541DDC19A5DCD133C8EBF76A279B33C0B
:1001C000418027A46E846AE356A64F8A5B6D9394A0
:1001D000AA906D6C560D640927A1D75F8036739184
:1001E00034B1DA756D56BD94A3D308155C6EE43650
:1001F000D6BA354BA85AEA4D0759D226712392EC4C
:100200002D6621410DFD79A4D1FF6566A044A9AA00
:10021000264E7749598ADC89693A8A443D91B0C7AC
:10022000137F89D77C329DED2F303A9DAF1C5599B5
:10023000E4D53696A555AC16D6E3A4B56928B81909
:100240007B47E4D851A768FACC7AC7339B5BE24C72
:100250006E659BE471D5B58309CF49DE09D285D897
:10026000245DDEC6B6A3485EE3AC6B9216AE09C948
:10027000192E2C3F0106DF56758F57DA5B3C728BC7
:10028000EFB2E974B1B427D728A36C613EB2A9FDDF
:100290009AD9AFB9FD5AD82F91276FD69E40BB4E41
:1002A00073BBD745688F789BC8D29C21ED0DF66D46
:1002B0004F38CD9FAC9D2C9796818CD2C09CDAD4C0
:1002C000F19569118D57D3A5610D64F67097534B65
:1002D000966769380FA343548BE5902A7E91ED0E03
:1002E0000CA17DDCA70FB09BE5C3B94EE5B9545115
:1002F000F6E22C43C5FDCFB87DABE9DC8010F62ECD
:100300006BD3015CDC76BEE24E54A5E28DCCC19E7F
:10031000ACD8C791DB5D51772B70780775105AAA5E
:100320005254B57C15F9C0C2E89229F91F9065D7DF
:10033000816B6D63B42CCF2928015D7060EE5C6722
:100340006EE9FAA53860B5E91B380AC743DBECAEA5
:100350001B5A31F4EC99F1746699BB6D1BFE48ADE4
:10036000448AC44AABC11D1F5CECA11CE84A5BF97E
:100370002CE29DDCEE68C2A4476F5DD901EF638675
:10038000E2426DDFBFFB1B4490C9A43717CD042D9B
:100390003755D63227CE2054BB58397F98AA03064A
:1003A0001E28B00BF3F956A671FF02056991C5C36B
:1003B0003B355B792B88BA76BAC1A6B6CC20938D33
:1003C000F9640F4EC48EAACB95F098466E63ED4E3D
:1003D000344505DEABCEC501A5F8C3CE82E7CE9B82
:1003E000B445DA258D3588E635DE737D416B3BD12A
:1003F000DC5A5908DE9AB3D5B6417D38B58E8F46A2
:100400009978ECC0882B000B2BD3022E5B32603E18
:100410009FD09261D008AA26130DAE07D1B2611702
:100420001919829746B6628F022D95094114518899
:10043000662BCAF42D465F0A424017FBD578571544
:10044000622F98AAA4A87DABD76D1BA3FAC116444E
:1004500077BE9CB76B75DCC8ED16AE3A6C4255ECB6
:1004600068A2995B9C4239C894B4C22A089DC146CF
:100470004204837B1CB30E83B449D90B1F8DB67025
:1004800085494E50B26E110DF81E6E76359E025C97
:10049000BEA3910E0770CD4A70454566A31D7EB37D
:1004A0009EE7E1800C8F20F082B62683E320BFFF19
:1004B00007C1D21284435FC687A9ED49D05D0CB055
:1004C0002FCE858ED02B26444F05EED6F783D02431
:1004D0002F06CAC25F3C67A1D8E8A7A19BA55EFC16
:1004E000897045EDB5CC12CF80BD4BD363359F32BB
:1004F0002B6D5543454C41113213652B3780C13666
:100500001B5891AEB7C50D2089893D30D67DC5C039
:10051000DA1D2CB8ABF28C1ADF369940344DD53346
:10052000A105D8C150D3FE32FF27C3AF8148B42301
:10053000708AA496E3E8C09A87CCF7385AEC13E2A5
:10054000B9001EDD3A37946C44FBC6174A61487AFD
:10055000FF4E0E3B9357EC6C93465F3C454DBD9967
:100560006D931424247DC4E03BCDED9428035C0DF1
:100570001323C9ACAD78B3C81BE9EACC89CEE87BBC
:10058000D779873D033FC17B1C40E29E9EC0898D89
:100590000774A493CEC592E5CA27E861E421ABE9CC
:1005A0001EE590D9CA93AA878607ACE6CB01DD90F9
:1005B000D17C61098680F90F7AC2C279428D075CCD
:1005C0008BCE1FE092489F3C983D098D0C03946DA3
:1005D00025A82B30A3E1FA5E109D19063D5C3AD0A8
:1005E000C572DEA3DA3B1FCB640842877C2643C278
:1005F0003D5691A11800D501A7C5744047377870C2
:10060000991656AE3E261DF20AFB64439916D63E55
:1006100007F072B8BB21DD1E236BC73C30D8231016
:1006200058FD1C021F5FF1339ED5F48C861B007AA7
:100630002016669ECDCC592B9D38946CD9352A1F37
:10064000E68676CA00E55A726BA8E0E3A786181121
:1006500056E0B205D130A830EE7E47A1037EC1E757
:100660004470EE04B0D1FD4CF43731E0703D5C10C5
:100670006680B691C6DFC4205504C1277B44B4050B
:1006800082E596670FA3C3A4394F2AC5AB16014074
:10069000A48D65B2619C11329151C8EFE07D500B81
:1006A0008AE2B2179CCB88DC702E7D3C0F3A129BFD
:1006B0000DA65E3120438DF0F1B60F58E829363093
:1006C000703396D9ABCE96C6141A2A15EADF48FFC6
:1006D0004EF4EF54BBFCD53E6BEF2EED31C63166C8
:1006E0008D5F213341704AA9840B195E38984CCD37
:1006F000680F9B6097C6264595090FA3C094B99BC8
:10070000D20726855495812345A5E4A19CC2B01B40
:1007100062FCF984B9528D67E37CA6272AD83B672F
:100720002DDF027FB3659FEA30F69B2D908AF2930E
:10073000180126C449E91D1998DBCA1110ACC5ABD4
:10074000C771FA20228119B0B0CE2E7ABA26D065B0
:100750004121076C38123D1B95A831C981DBB47467
:1007600074AD9FB588BA6A346466D7436D6BE0E2B6
:10077000B59680307C80BEB29C06BBF08940290CC7
:100780001F0E3921EFFE4EBF984C08CB966717EB32
:10079000F8FAEC67CC6FD0499C3FDCC537571FEFA8
:1007A00030071D9D8E6ECEE74737E733F85B8CBC74
:1007B000C1F68506D7E3A39B750803EB0F9FD63FD1
:1007C000C6DFDD5EFE84577D4CFF8E46D7EB07A06B
:1007D0004ADA426C93305A4E6BA0BCF97CCDCB45C3
:1007E00018266F2FD79757FFBC8C3F5F7DBCF8F45E
:1007F00019CF2DC2CEBBCB5BE864314423931C17C9
:10080000BB80C52E703118BD3AFB109F9F3D5C60C8
:100810002E358B70ADBBFBB3FBBBF8EEE1FAEE27D8
:1008200018B9BBC405E6D87D797373791B7FBAB953
:10083000BFBABEFAD7E545FCF011FB18369B51FC58
:100840008DCF3FDDFF105F5E7C0F53C32F98107577
:1008500090A251E580CABB7EA505DB80C8095A93EA
:100860009EC65F18A203118E917AB0AF578EC191C8
:100870000F5777D1056C141687CFC9C50FBC18DC8C
:100880002E1CBD391B8F4EFF3D3E5AFE028A3AC7D1
:10089000EF257FAFF11B7C28352EB00139D9F297B7
:1008A0002F7CE9F4AA5612F41F128DAE810C16DCCF
:1008B0008B3EE680CC61C3B0878B746739154003EB
:1008C00093DD65ECDED7491994550B1E0AFEAA0D7F
:1008D00078E29782DD7040561ABCEC247CB3B5A94F
:1008E000A086FB022B71FC30733B2508AE3761B04C
:1008F000A99A00CEFD1FA62D158E66D44F5D8A9352
:100900001C98FAE716E357A0E41604829C24699128
:100910003AD162B273E78455132B244523E7B49A86
:100920007B29D2116B90549481A965D8F960656BCD
:100930002EDD0775D2808D71024219AB196804440F
:100940005CD552E9FCBB04F69B056D15906FC07237
:10095000215D694E43BFE32A92891BB2CCC46B90E0
:10096000270DDE53D842D92B2C711DF7879F111903
:1009700062A9F2EFBA54D93B9D203C9E724DFE2AEB
:100980005A071FCFD63F322EC51658FAEDBDE91BC8
:10099000FB7DB79767177A003D060EDCB37362677D
:1009A00074C5B825308566579267F8C0F1C450E920
:1009B000B70D4AEA5D1F90A1CA9242C096B9B663CC
:1009C000068B0A02AFD65A80353FF4356ED85608EA
:1009D0006D4D9073EBBD719D03D9F5279EE870D0E6
:1009E00001DF25ACB6985EACCD198F866ED0EBE7F3
:1009F00094D789ACB8C865287A98106FAAE68EE9B2
:100A0000FB75F28A07B234FAE2D8790D69790227C8
:100A100024CA1462A1B11B1C900A8D5A413E9175E3
:100A200039D68E6032E29D40BB633A61F12C50D1E1
:100A30000875BE3E61973419DD394D8DA5C16BD463
:100A40002E61C000BE9A4D5EBD3088FC08972D090E
:100A5000783B78CBC997601CF507E0FAF1C07C3091
:100A6000439635232D7E32A0A1122575DD0BF2DAD7
:100A7000F61242FE8C196E01A227B8B70D847B9046
:100A800012942DD07F2012B8157A537867F082C364
:100A900032A86A3806BC50E8F9EF28B3D6D6DE088B
:100AA0007C91C3D958FCBDB373F71417BCC83C87FD
:100AB0000099C252BDE22E877C37D32AEF1B33F058
:100AC000E9E50EFC041F2FC98614B2E80AD367AE0D
:100AD000050A6C6AB9F44A05CCC8B39097F41FAC08
:100AE000EEB4AB69AB2AD824B471DE3416D1EE7DF6
:100AF0006B436D022195AC391CDD93AA702660030F
:100B000025A828F850AAAE467C20D8ED90AFC7A7FC
:100B10008FCF499BEEB26ACB0AFE1397495D2E2F09
:100B2000CD8DF5DEAEF8956D9FE6D0BB173FF0D1C9
:100B30006B220C74E513088A3E905F82BC7EE5064A
:100B4000E8095151AC23593B273BA7306E945766B7
:100B5000046F7BF11AF7E7B86A3DBBF4AACC210A0F
:100B60003CC382C9636E9CBB55FF0ACB94AF228BFA
:100B70008B2E3FF56E09967E0745198C2A5608ACD8
:100B8000C0A0BCAD7196588244A49B0703698190B4
:100B9000DE556D40D2AFAD1997871556E1D097B3AA
:100BA000D1A7304CDBF0F3003219B843200AD8BF8C
:100BB0002C01B89AD04BC05257B809F8A229501C42
:100BC000E1DA7FAFD2E40F6255E800F4C395F88410
:100BD000F13141473FF62108780129EC15DC112A53
:100BE000003C9B84CBD98C508A6ECC09EB70633E61
:100BF000234B87C67CBE80EFC917423A295811CCD7
:100C00001FE1A3F9F7371F9E27234A396BF09C8217
:100C10001FC84D49A79F06514A7828E93D46959A35
:100C200027E6DE94C42BD870B6C479C1313D226367
:100C30006AEB50F8B17BB90C108DD1170175AA6021
:100C4000639FB1204A82C06C629B4CE3747A7DA0A2
:100C500042D0B7E4D653F447ECAD3F75CF060AAEA9
:100C6000BA7D0538C6E068CAEE3DCEBBAA8068B042
:100C7000BF865FD5C7F991AB60C746D35E1D85DAE5
:100C80005A314B5723F6486DB19853AB1324C56ABC
:100C9000B2534930C4925A2B915754DEAB12791B90
:100CA0003026EBE9233A508CF527C3EA3CDFE43ADF
:100CB0003E1FAFA28010C7D64DB56E4DFEDBA529F5
:100CC00055CF514DE04360BBFE4BCE31864DEDF428
:100CD0001E3B486EFD2C53218029533128BC8608C9
:100CE000A0FC39BD3A942BDAE85293C9E5B8DEE1AD
:100CF000B37CEC2860665C4804F80A8E2C36BE4A49
:100D000019A383B55CBC3185CFAF1CC5B89F7AFFF2
:100D10009E29506A0C2E8610FB31426164AC9C0502
:100D2000ABAED03FEA576DA95E3A3DC8B5B9468D26
:100D3000950A4C1C7AFEA47F2607AF79C7E14F972E
:100D4000625C06BEBF05CCBD49FCB99F543BAB49B4
:100D500093F290BDECBF28A0A421BA4B4A0FF8E54E
:100D6000B6EB8DA263D4FF4308DCD973348EE6273B
:100D7000E3D5C9787C1C1D6F27229D4DC37435FABD
:100D8000F25FDAFA40C6C20C000000000500000065
:100D9000810010039500800040038C007F001D0639
:100DA0008F007E000F0395007D00140498007C00E6
:100DB00017049C007B000A02A0007A004002A500F4
:100DC00079004003A20078004002A50077004002AD
:100DD000A50076001003A70075001104AA00740096
:100DE0001104AE0073000D02B20072000B01B900D5
:100DF00071004001B40070001204B5006F000B01D7
:100E0000B9006E001002BA006D001503BC000000AE
:100E10004002BF006C000E02C1006B000901C3005C
:100E20006A000600000020002300260029000001BF
:100E3000020304050607040101010001040404047F
:100E40000000000404010101010104040101040483
:100E50000004040404000004000004040404040466
:100E6000040400000000040400000000040000006E
:100E70000000000004000000000004000200000464
:100E8000000400000407040400000404040000023D
:100E90000200000002040700040004040000040033
:100EA0000202040404040400000400040404040412
:100EB000040400040002030400040400040004000D
:100EC0000004000400000000000000000001000217
:100ED0000102C20E391D02000001000000340B03A4
:100EE000000001000000310B04000001000000F7C9
:100EF0001C05000001000000E41C0600010001B90F
:100F000000311E07000001000000B51C08000100B0
:100F100001C10EE61D09000001000000120A0A00CE
:100F2000020101B400AE1D0B00030103BE0EF50962
:100F30000C00020102BC0E831D0D00020002C20E55
:100F4000A71E0E00020002A000C1230F0003000331
:100F5000BE0E24231000020002BC0ED11F1100059A
:100F60000005B70E411F1200020002A000702013FE
:100F700000010001C10ED0241400020002BC0E3694
:100F8000201500020002A00004201600040004B393
:100F90000EA9281700050005AE0ED41E180001008A
:100FA00001C10E21251900080008A60E9E211A0075
:100FB000030003A30E69251B00020002A000F9290B
:100FC0001C00020002BC0E7D221D000400049800DB
:100FD0001C221E00010001C10E2F261F0008000860
:100FE0009B0EBE222000020002BC0E9B1F210004AB
:100FF0000003A200D3262200030002A5007D2C23BB
:1010000000030002A5003A2C24000400049C008385
:10101000252500010001C10E6D262600030003985E
:101020000EAC1E2700040003950E833C280003002D
:1010300002A500293A29000400049C00BB202A00D4
:10104000010001C10EA0262B00030003920E743391
:101050002C00030003A7005A342D000600068C0E56
:101060007D332E00020002A00055322F000500053E
:10107000870EC2333000040004AE00E634310002B3
:101080000002A00056333200040003840EDB363326
:10109000000500057F0E3E353400010001C10E97AA
:1010A0003235000400038C00543736000500057A01
:1010B0000E973537000400049C00143438000300F8
:1010C00003980E20353900030002A50055383A0078
:1010D000030002A50022383B00060006740ED53539
:1010E0003C00030002A50015393D00030002A500E5
:1010F000E0383E000800086C0E5C363F0006000633
:10110000740E47394000050005670EB139410006ED
:101110000006610E5B424200030003A30E2240431F
:1011200000010001C10E59444400020002BC0E0936
:10113000444500020002A000163E4600010001C125
:101140000E5D484700020002BC0EE3444800040064
:10115000045D0E5A404900010001C10E4A494A008F
:10116000020002BC0E34454B00010001C10E8C434D
:101170004C00060006570E743E4D00030003A30EFC
:10118000904B4E00020002A000453E4F00010001BE
:10119000C10E334A5000020002BC0EDA4551000273
:1011A0000002A000E13E5200010001C10EE14A53DD
:1011B00000020002BC0E86455400020002A000108E
:1011C0003F5500010001C10E98465600020002BCC6
:1011D0000E2E465700020002A0003F3F58000400B8
:1011E00004530E8A4C5900010001C10E48475A00B1
:1011F000020002BC0EF8465B00020002A000723F33
:101200005C000300039500EB4B5D00010001C10E83
:10121000FC475E00020002BC0EA8475F000200020D
:10122000A000A53F60000500054E0E274C6100039D
:101230000003A30E544162000400044A0E064163F9
:1012400000070007430EC9406400020002A000032B
:101250003E6500010001C10ECF4366000700073C58
:101260000EB1426700060006360E97416800020084
:1012700002A000D83F690000010000005F4F6A0033
:101280000B47004400450080010C48004400450025
:1012900020011D88008000810080001C8A008000E1
:1012A000810020001FB300B000B10080031EB40015
:1012B000B000B10020030E98009000910080000F54
:1012C0009A0090009100200011241FBECFEFD0E4BF
:1012D000DEBFCDBF14BE0FB6F894A8958091600014
:1012E000886180936000109260000FBE11E0A0E062
:1012F000B1E0E6EDFEEA00E00BBF02C007900D9200
:10130000AA32B107D9F722E0AAE2B1E001C01D92EA
:10131000AB39B207E1F70E94944F0C9469570C94D3
:10132000000010922601EAE1F1E084819581A68116
:10133000B781AC01BD015659674E7F4F4483558339
:10134000668377839659A74EBF4780931601909383
:101350001701A0931801B093190181E0089580E06E
:101360000895DF92EF92FF920F931F93CF93DF9335
:10137000C0913301D0913401209769F121978E01FA
:1013800020E030E0E0903101F0903201D090300167
:10139000AD2DB0E0209739F1C70140E050E0BA012F
:1013A0004F5F5F4F6F4F7F4FFC018A0F9B1F9183F1
:1013B0008083401751076207730790F3DC9EF001AA
:1013C000DD9EF00D1124EE0DFF1D11821082F092B2
:1013D0002F01E0922E01DF91CF911F910F91FF908D
:1013E000EF90DF900895F701F0CFFC018081A48198
:1013F000B58140855185628573859FB7F8948130AA
:1014000061F0823039F44D935D936D937C93139723
:101410009FBF08954C939FBF089511965C934E9380
:101420009FBF089508950F931F93FC01A489B58968
:1014300086898C9383A191E0892783A34481558178
:101440006681778180FF12C00085118522853385F2
:10145000400F511F621F731F82FD12C044835583CA
:101460006683778381E01F910F9108950485158528
:1014700026853785400F511F621F731F82FFEECFF5
:101480000089118922893389872F40175107620704
:10149000830B87FDE3CF80E49BE093838283B901D4
:1014A000A801448355836683778381E01F910F9160
:1014B0000895CF93DF93DC018FB7F894E091220178
:1014C000F0912301EA17FB0721F42AC0EA17FB0772
:1014D00089F0EF010190F081E02D3097B9F720916C
:1014E0002401309125012A173B0781F08FBFDF913E
:1014F000CF9108952D913C911197398328832091A4
:101500002401309125012A173B0781F72AE131E0B8
:1015100030932501209324018FBFDF91CF9108954F
:1015200014964D915D916D917C91179740930E01AA
:1015300050930F0160931001709311012D913C9114
:10154000119730930B0120930A012AE031E0309388
:10155000230120932201C3CFF894682F70E08AE919
:1015600091E00E94105784E00E94AC0ABF92CF9293
:10157000DF92EF92FF920F931F93CF93DF938C0133
:10158000DC011496CD90DD90ED90FC901797BFB6DE
:10159000F894C0912201D09123019F2D4C815D814F
:1015A0006E817F818F2DC416D506E606870B87FDD9
:1015B0001FC0FE010990D881C02D4C815D816E81D4
:1015C0007F81892FC416D506E606870B87FFF1CFEA
:1015D000D801CD93DC9311830083BFBEDF91CF91FF
:1015E0001F910F91FF90EF90DF90CF90BF900895E3
:1015F0000E94974F2F2DC616D706E806290B27FD08
:1016000025C0B1E0CA30DB0741F1F801D183C083C6
:10161000C0920E01D0920F01E0921001F0921101E0
:1016200010930B0100930A018AE091E0909323014B
:10163000809322018091840090918500C2969093BE
:1016400089008093880082E086BBC7CF8091280103
:101650008111D7CF83E00E94AC0A0990D881C02DB8
:10166000D4CF88E00E94AC0A80912801811529F02E
:10167000823011F010922801089582E00E94AC0A95
:101680004F925F926F927F928F929F92AF92BF9292
:10169000CF92DF92EF92FF920F931F93CF93DF933E
:1016A000FC01A78DB0A1109709F42FC18D919C91D9
:1016B000119790A3878F16964D915D916D917C91B6
:1016C000199791E0411551056105710509F4AAC00A
:1016D000C489D58986892FB7F8943A814115510577
:1016E0006105710509F056C0809583238A832FBF59
:1016F00020912E0130912F0111963C932E93B0939F
:101700002F01A0932E01C3A12C2F2071A78DB0A172
:1017100031E0452B462B472B09F030E024FB88278E
:1017200080F941E08427381709F47EC04789508D3D
:10173000618D728D411551056105710509F474C003
:10174000C480D580E680F7804C0D5D1D6E1D7F1D29
:101750009460109709F09BC0292B6A017B01C08A15
:10176000D18AE28AF38A23A34483558366837783ED
:1017700081E0DF91CF911F910F91FF90EF90DF906B
:10178000CF90BF90AF909F908F907F906F905F9021
:101790004F900895832B8A832FBF20912E01309183
:1017A0002F0111963C932E93B0932F01A0932E01FD
:1017B000038D148D258D368D4017510762077307F1
:1017C00008F0A1CFA78DB0A18788908CA18CB28C96
:1017D00081149104A104B10491F1C480D580E68004
:1017E000F7808C0C9D1CAE1CBF1C109709F07AC0B2
:1017F000808A918AA28AB38A83A18071876083A339
:10180000DB01CA018C0D9D1DAE1DBF1DCB2F8815A0
:101810009905AA05CB09C7FD25C084829582A682B9
:10182000B782A6CF90E054CF109709F040C0108A3D
:10183000118A128A138A922B93A380E09ACF83A1F4
:101840008071109709F03BC0108A118A128A138A9E
:10185000836083A384819581A681B781840F951FBE
:10186000A61FB71FC3E1DAE0D383C28384839583C5
:10187000A683B7834087518762877387041B150B44
:10188000260B370B048715872687378771CF12966B
:10189000CD90DD90ED90FC901597872F4C155D0550
:1018A0006E058F0987FF34C083E10E94AC0A12964F
:1018B0004D915D916D917C91159794604DCF1296ED
:1018C0008D909D90AD90BC90159787602401350157
:1018D000C480D580E680F780408A518A628A738A04
:1018E00083A38ECF12964D905D906D907C9015974E
:1018F0008B2D84149504A604870987FDD5CF83A179
:101900008071876053014201E7CF85E10E94AC0AF4
:10191000C0712C2F292BB701A60121CF2F923F9206
:101920004F925F926F927F928F929F92AF92BF92EF
:10193000CF92DF92EF92FF920F931F93CF93DF939B
:1019400000D000D00F92CDB7DEB720919901298346
:101950002115C1F00F900F900F900F900F90DF9115
:10196000CF911F910F91FF90EF90DF90CF90BF909C
:10197000AF909F908F907F906F905F904F903F902F
:101980002F90089581E0809399013E013CE1630E20
:10199000711C9091960180919501981780F010929A
:1019A0009501109296010A8D1B8D0E5F1F4FF80155
:1019B0008491813608F424C110929901CBCF0A8D0D
:1019C0001B8D0E5F1F4FF8012491482F50E05D835F
:1019D0004C83280F3327331F213631050CF417C1F0
:1019E000291B31092136310538F710929501609194
:1019F0009601861B8983E82EF12C70E06B5C7E4F8C
:101A0000A70185E391E00E945057109296015981F9
:101A1000509395018091C10080628093C100FD8246
:101A2000EC82C7018B5C9E4F9B838A83F801849173
:101A3000082F863008F474C1AA81BB8112968550A4
:101A4000990B7D01E80EF91EEA8DFB8D33964491CA
:101A5000EA8DFB8D3496259135916901EA8DFB8DD8
:101A6000859195918038910568F0AA81BB81139684
:101A7000BC01660F672F661F770B71956068EA815E
:101A8000FB8162838F778D935D0188248A94840E15
:101A9000411509F489C02F5F3F4F820E932E911C90
:101AA00033C09AEF980F923008F03DC1F3012081C6
:101AB000318117012A183B08032C000C44085508F3
:101AC000A901330F660B770B241635064606570619
:101AD00010F4B201A101D5014D935D012301B4E0E1
:101AE0004B0E511CF301228133818A01B9018630EA
:101AF00009F4F8C0C5010E944757A00EB11E32017B
:101B0000C814D90409F450C0EA14FB0408F40BC14A
:101B1000F6018491FFEFCF1ADF0A853009F47DC00A
:101B200008F0BFCFD301823008F495C04D915D918C
:101B30003D01833009F4DAC060E070E08A019B0166
:101B4000005E1F4F2F4F3F4F003811052105310513
:101B500008F4C6C00052104F2F4F3F4F01151044DC
:101B60002105310568F0D5018A019B019EE036957B
:101B70002795179507959A95D1F700680D935D0104
:101B8000D5018A019B0187E0369527951795079522
:101B90008A95D1F700680D934F77FD0141935F015E
:101BA000C814D90409F0B0CF85012A813B81021BFA
:101BB000130B602F0D5FEC81FD81EB5CFE4F00830A
:101BC00080910901AA81BB8111968C931197CD0157
:101BD0000E946B4F2A803B80200E311CF10133970D
:101BE000919381938EE780838981800F8093950103
:101BF0008091C10080628093C10010929901AACEA9
:101C0000A5E3B1E0BB83AA831D821C820FCF4B5C8E
:101C10005E4F5B834A83898309CFD3012D913D9128
:101C20003D01F5013196D9014C912F5F3F4F411194
:101C300007C00DC04193D9014D919D01411519F087
:101C4000EE15FF05B8F3AF014A195B094150D50104
:101C50004C935F0155CF4D915D916D917D913D010B
:101C60008A019B01005E1F4F2F4F3F4F0038110527
:101C700021053105A8F10052104F2F4F3F4F01159C
:101C8000B0E41B072105310508F47ACF1051284F25
:101C90003F4F01151105E0E22E07310508F463CF2F
:101CA00028503C4FD501011511052105304158F050
:101CB0008A019B01FCE13695279517950795FA95C2
:101CC000D1F700680D938A019B01E5E136952795D0
:101CD00017950795EA95D1F700680D935D0143CFFD
:101CE000D5015ACFC5010E94315707CF052E000CF0
:101CF000660B770B8A019B01005E1F4F2F4F3F4FF2
:101D0000003811052105310558F30052104F2F4FAF
:101D10003F4F011510442105310508F024CF30CF85
:101D20006DEF680F48CF86E00E94AC0ACF93DF9337
:101D3000CDB7DEB7E6970FB6F894DEBF0FBECDBFC6
:101D40000E94974F2B013C018E010F5F1F4F18011E
:101D500080912601811509F493C30E94974F461A7A
:101D6000570A680A790AF8948091260181110C9427
:101D70008B1878940E94974FA3019201260F371F6A
:101D8000481F591F2BAB3CAB4DAB5EAB81E0809342
:101D900026018091B101811511F11092B10190914C
:101DA000C0012091BE013091BF011FEF81E0810F82
:101DB000E82FF0E0EE0FFF1FEE0FFF1FE20FF31F03
:101DC0000BC0BF016C5F7F4F408151814F52564223
:101DD00009F4CEC6FB018F5F182F891790F380910D
:101DE000B201811511F11092B2019091C0014091A0
:101DF000BE015091BF011FEF81E0810FE82FF0E09D
:101E0000EE0FFF1FEE0FFF1FE40FF51F0BC0BF010A
:101E10006C5F7F4F208131812B593F4109F4DAC635
:101E2000FB018F5F182F891790F38091B301811503
:101E300011F11092B3019091C0014091BE015091F7
:101E4000BF011FEF81E0810FE82FF0E0EE0FFF1FD1
:101E5000EE0FFF1FE40FF51F0BC0BF016C5F7F4F3C
:101E6000208131812655334309F440C6FB018F5F41
:101E7000182F891790F38091B401811511F11092F8
:101E8000B4019091C0014091BE015091BF011FEF7C
:101E900081E0810FE82FF0E0EE0FFF1FEE0FFF1F34
:101EA000E40FF51F0BC0BF016C5F7F4F20813181B4
:101EB0002E53354309F430C6FB018F5F182F891765
:101EC00090F38091B501811529F11092B50190919F
:101ED000C0016091BE017091BF01FF24FA940EEA27
:101EE0001DE081E08F0DE82FF0E0EE0FFF1FEE0FF9
:101EF000FF1FE60FF71F0BC0AF014C5F5F4F208144
:101F000031812052354309F4B9C5FA018F5FF82EAB
:101F1000891790F38091B601811521F01092B601D6
:101F20000E94F64C8091B701811511F11092B70112
:101F30001FEF9091C0016091BE017091BF0181E0DF
:101F4000810FE82FF0E0EE0FFF1FEE0FFF1FE60FEF
:101F5000F71F0BC0AF014C5F5F4F208131812651CD
:101F60003E4309F492C2FA018F5F182F891790F34C
:101F70008091B801811521F11092B801AA24AA9488
:101F80004091C0016091BE017091BF01FF24F394A4
:101F9000FA0CEF2DF0E0EE0FFF1FEE0FFF1FE60F24
:101FA000F71F0BC09F012C5F3F4F808191818A55A5
:101FB000904409F478C2F901F394AF2CF41690F32D
:101FC0008091B901811531F11092B9016091C00180
:101FD0002091BE013091BF01EE24EA9448E1642EC5
:101FE000FF24F394FE0CEF2DF0E0EE0FFF1FEE0F39
:101FF000FF1FE20FF31F0BC0AF014C5F5F4F8081EB
:10200000918185549E4309F4A6C4FA01F394EF2C00
:10201000F61690F38091BA01811521F11092BA0160
:10202000AA24AA944091C0016091BE017091BF01A1
:10203000FF24F394FA0CEF2DF0E0EE0FFF1FEE0FEC
:10204000FF1FE60FF71F0BC09F012C5F3F4F8081E2
:102050009181815E9E4309F471C2F901F394AF2C22
:10206000F41690F38091BB01811521F11092BB0110
:10207000AA24AA944091C0016091BE017091BF0151
:10208000FF24F394FA0CEF2DF0E0EE0FFF1FEE0F9C
:10209000FF1FE60FF71F0BC09F012C5F3F4F808192
:1020A000918180519F4309F4A5C2F901F394AF2CAB
:1020B000F41690F38091BC01811511F11092BC01CE
:1020C0000FEF4091C0016091BE017091BF0111E01E
:1020D000100FE12FF0E0EE0FFF1FEE0FFF1FE60FD6
:1020E000F71F0BC09F012C5F3F4F808191818A5861
:1020F0009C4409F4DBC2F9011F5F012F141790F310
:102100008091BD01811511F11092BD010FEF409139
:10211000C0016091BE017091BF0111E0100FE12F6D
:10212000F0E0EE0FFF1FEE0FFF1FE60FF71F0BC0D3
:102130009F012C5F3F4F808191818B5E9B4409F40E
:1021400060C3F9011F5F012F141790F38091C10143
:10215000811511F11092C1010FEF4091C001609102
:10216000BE017091BF0111E0100FE12FF0E0EE0F02
:10217000FF1FEE0FFF1FE60FF71F0BC09F012C5F25
:102180003F4F8081918187529C4409F4B2C3F90189
:102190001F5F012F141790F3A8958091C20181153C
:1021A00029F080E4809360001092C20100918402C3
:1021B000011509F480C01091C30110FD20C0053045
:1021C00008F479C0C090C4018BEF8C0D8C3308F0FB
:1021D000C0C7D090C5018D2D807F803169F40C156A
:1021E00008F469C08C2D90E0FC01ED53FE4F208176
:1021F0002E3711F40C94DA1811601093C301402F9C
:1022000050E06EE770E084EC91E00E943A579C0148
:10221000C02E892B41F01E7F1093C301245C3140F6
:10222000CC24C394C20E0FEF11FD0CC012601093AA
:10223000C3018AE89DE09F938F930E948E0C0F90BC
:102240000F900FEF60E010918402F12EFC181C112A
:102250000DC09FB7F894809184021817F9F09FBFC2
:1022600010918402F12EFC181C1599F3862F90E032
:10227000EF2DE61BFF0BAF016C0D7727771F6C531B
:102280007E4F8C539E4F0E945057109226016F2D07
:102290009FB7F894809184021813E1CFF0928402E2
:1022A0009FBF013041F48AE89DE09F938F930E9485
:1022B0008E0C0F900F900E94974F2B013C01C30191
:1022C000B2010BA91CA92DA93EA9601B710B820BA1
:1022D000930BC0909502D0909602E0909702F090F8
:1022E00098021FEFC11AD10AE10AF10AC0929502C1
:1022F000D0929602E0929702F0929802809091021A
:1023000090909202A0909302B0909402860E971E35
:10231000A81EB91E8092910290929202A0929302FE
:10232000B09294026115710521E08207910508F0D1
:10233000ACC400918D0210918E0220918F023091D9
:1023400090020BAB1CAB2DAB3EAB9B01AC010E94D2
:102350003C56DC01CB0181509F4FAF4FBF4F892FBF
:102360009A2FAB2FBB270BA91CA92DA93EA9800F23
:10237000911FA21FB31F0BA91CA92DA93EA980174D
:102380009107A207B30718F48FEF9FEFDC0180934A
:102390008D0290938E02A0938F02B0939002409191
:1023A000890250918A0260918B0270918C02930194
:1023B0008201041B150B260B370BB901A80141152F
:1023C000544B644C744008F4C3CCBF93AF939F93B9
:1023D0008F93BF92AF929F928F92FF92EF92DF9274
:1023E000CF9288E09EE09F938F930E948E0C0FB651
:1023F000F894DEBF0FBECDBF8091890290918A0212
:10240000A0918B02B0918C02481659066A067B0691
:1024100098F48091850290918602A0918702B091F4
:1024200088020196A11DB11D8093850290938602BA
:10243000A0938702B09388024092890250928A0248
:1024400060928B0270928C0210928D0210928E021A
:1024500010928F02109290021092910210929202AA
:10246000109293021092940210929502109296028A
:1024700010929702109298028091260181116DCCE2
:102480004BAA5CAA6DAA7EAA81CC0280F381E02DC2
:10249000309709F46DCD868580FF51CD612FCF0136
:1024A0000E940B4E46CDC280D380C114D10409F4E2
:1024B00087CDF601878580FF69CD8189803308F457
:1024C00011C6D6011E968C911E97811509F448C637
:1024D000813009F497C6F60177964F0180E3D60163
:1024E00056968C9356979F928F921F928F935396E6
:1024F0008C9153978F9352968C918F931F92FF924A
:1025000086E99DE09F938F930E948E0CF601168AB8
:10251000828993890196938B828B81898053818BE9
:102520000FB6F894DEBF0FBECDBF803308F472C47F
:102530001092260181E08093B80122CDC280D38021
:10254000C114D10409F48ECDD60152968C915297C4
:1025500080FF6ECD50968D919C915197C09708F455
:10256000EBC384E789834601B8E18B0E911C84019B
:1025700020E3A10161E0F601848595850E94DE3AA1
:102580000E94113A20E3D60157962C935797509604
:102590008D919C915197C09751969C938E93509793
:1025A0009F928F921F922F9354968C9154978F9352
:1025B00053968C918F931F92FF9286E99DE09F9393
:1025C0008F930E948E0CF601178A83899489019655
:1025D000948B838B0FB6F894DEBF0FBECDBF80897E
:1025E0009189C09708F4CFC31092260181E08093AF
:1025F000BA0118CDC280D380C114D10409F45ACDD8
:10260000D60152968C91529780FF3ACD50968D917B
:102610009C915197C09708F41BC482E789834601B7
:10262000B8E18B0E911C840120E3A10161E0F60169
:10263000848595850E94DE3A0E94113A20E3D601F6
:1026400057962C93579750968D919C915197C09780
:1026500051969C938E9350979F928F921F922F9397
:1026600054968C9154978F9353968C918F931F927D
:10267000FF9286E99DE09F938F930E948E0CF60156
:10268000178A838994890196948B838B0FB6F8946B
:10269000DEBF0FBECDBF80899189C09708F4FFC30C
:1026A0001092260181E08093BB01E4CCE280F380AC
:1026B000E114F10409F424CDD70119968C911997EE
:1026C000811509F404CDF7017085272F30E0428988
:1026D0005389C4880588F689E02D5796DC90295ED9
:1026E0003F4F80E090E0A0E0B0E03F01F894F301BC
:1026F000D08200000000D082FA0160817894880FB7
:10270000991FAA1FBB1F6C2188248394912CA12C94
:10271000B12C611101C0812C88299929AA29BB29D2
:102720002150310918F7F894F70121851186789422
:102730004C015D01072E04C0B694A794979487942A
:102740000A94D2F7A7FE02C0BB24BA9441E050E03D
:1027500001C0440F7A95EAF7415050E060E070E024
:1027600084239523A623B723481759076A077B07B5
:1027700009F493C440E030E020E080E890E8D7011D
:102780001E964C931E971F963C931F9750962C9322
:10279000509751968C9340E030E020E0F701848D13
:1027A000E80FF11D258F368F478F90A38C5FD701DF
:1027B0005C968C935C97803308F483CC9701235EFE
:1027C0003F4F3F932F931F928F9359968C91599718
:1027D0008F9358968C918F931F921F9386E99DE05B
:1027E0009F938F930E948E0CF701148E808D918D94
:1027F0000196918F808F0FB6F894DEBF0FBECDBFCC
:1028000060CCE280F380E114F10409F49FCCD7019D
:1028100051968C915197811509F47FCC1A821982B7
:102820001B82910143E061E01F968D919C910E9473
:10283000452AF701118A29818A8190E0A0E0B0E061
:10284000BA2FA92F982F8827A22B2B814C015D012D
:10285000822A88279927A078BB27892B8A2B8B2B44
:1028600011F0BB24BA94F701E65BFF4F0190F081B1
:10287000E02D309741F082A580FF05C0B501A4018D
:10288000CF010E94AA4FD70156968C91F701E80F0D
:10289000F11D878A908EA18EB28E8C5FF701868B98
:1028A000803308F434CC9701295E3F4F3F932F9338
:1028B0001F928F9383898F9382898F931F921F9387
:1028C00086E99DE09F938F930E948E0CD7015696C8
:1028D0001C92569752968D919C91539701965396C0
:1028E0009C938E9352970FB6F894DEBF0FBECDBF68
:1028F0000ECCE280F380E114F10409F44DCCD70151
:1029000055968C915597811509F42DCC82E1F101F2
:1029100011928A95E9F791015A964C915A9761E084
:1029200053968D919C910E94452AF701158A8981C1
:1029300082FFD3C280E090E0A0E0B0E48487958776
:10294000A687B78720E030E040E050E4612FC70160
:102950000E94FA4E02CCC280D380C114D10409F483
:1029600059CBD6011E968C911E9780FF39CB1C96B1
:102970008D919C916AAA810122E0AE014E5C5F4F6D
:1029800061E00E94DE3A0E94113A89819A8198277B
:1029900089279827F894F60126852E7F2687789434
:1029A00083FF65C08388912C5401B4E1AB0EB11C48
:1029B000AC0CBD1C848595851982850122E0A1019E
:1029C00061E00E94DE3A0E94113AD6011C968D9178
:1029D0009C9121E029830E5F1F4F22E0A10161E05D
:1029E0000E94DE3A0E94113AF60183898C5F838B44
:1029F0008601045B1F4FD8017C9072FE35C0E80D44
:102A0000F91D848990E0A0E0B0E0B82FAA279927AB
:102A10008827F5012381822B2181A22B22814C0161
:102A20005D01922A81149104A104F0E1BF0608F02F
:102A300021C30E94974F462F572FBC0171FC5CC3E6
:102A4000F601E15BFF4F80819181A281B3818815FE
:102A50009905AA05BB0508F46CC3872D8D7FF80185
:102A60008083D60153968C91803308F038C16091F1
:102A7000C0012091BE013091BF01B2CA0280F38132
:102A8000E02D309709F446CA848D80FF2ACAF89455
:102A90009481258136814781548965897689A78902
:102AA000B08DE18CD28CC38C848D8E7F848F789492
:102AB000CF92DF92EF92BF93AF937F936F935F9329
:102AC0004F933F932F939F931F92FF921F930F93C8
:102AD0000E948E0C9091C0016091BE017091BF0167
:102AE0000FB6F894DEBF0FBECDBFFBC90280F381E5
:102AF000E02D309709F4BFC9808D8F3F09F0A2C93E
:102B0000F894868581117DC078949091C0014091A0
:102B1000BE015091BF0196C90280F381E02D30972C
:102B200009F4CFC9868583FFB3C9F8948685877F6A
:102B300086877894CF014A969F938F938089869554
:102B4000869586951F928F931F921F93EAEBFDE067
:102B5000FF93EF930E948E0C9091C0014091BE01B3
:102B60005091BF010FB6F894DEBF0FBECDBF90C924
:102B7000E280F380E114F10409F431C9D7015696DB
:102B80008C9182FF13C90E94974FF894F7013789FF
:102B90002689422F4B7F468B78949F938F937F9308
:102BA0006F931F923F9321701F922F931F921F9339
:102BB00028ED3DE03F932F930E948E0C9091C00131
:102BC0002091BE013091BF010FB6F894DEBF0FBE59
:102BD000CDBFECC80280F381E02D309709F425C900
:102BE000258D868D281308C9F894858D968D8917B3
:102BF00049F178949091C0014091BE015091BF017C
:102C0000FBC8918D908F78949F01215F3F4F3F9338
:102C10002F931F928F9387891F928F931F921F93D9
:102C2000E0ECFDE0FF93EF930E948E0C9091C001C9
:102C30004091BE015091BF010FB6F894DEBF0FBEA8
:102C4000CDBF00C95489658990892189328943891A
:102C50008F5F858F78946F935F934F933F932F93FC
:102C60009F931F921F93E2EDFDE0FF93EF930E946D
:102C70008E0C9091C0014091BE015091BF010FB6E2
:102C8000F894DEBF0FBECDBFB7C86115710510E166
:102C90008107910508F078CB00918D0210918E028A
:102CA00020918F02309190020BAB1CAB2DAB3EAB51
:102CB0009B01AC0121503F4F4F4F5F4F232F342FCB
:102CC000452F55270E943C560BA91CA92DA93EA9AA
:102CD000060F171F281F391FD901C8014CCB9601B9
:102CE0002C5E3F4F3F932F931F928F93F601808965
:102CF0008F9387858F931F92FF9286E99DE09F9324
:102D00008F930E948E0CD60153961C9253971F9658
:102D10008D919C915097019650969C938E931F97FE
:102D20006091C0012091BE013091BF010FB6F894AF
:102D3000DEBF0FBECDBF54C91C968D919C9122E77A
:102D40002AAB810122E0AE014E5C5F4F61E00E9440
:102D5000DE3A0E94113A898190E0982F88278827CF
:102D60009F712A81822BF60126853785281739071E
:102D700010F497878687D60151969C938E9350972F
:102D8000C0970CF0EECBF60182898E7F828BF8948F
:102D90000E94974FD60118960D911D912D913C914F
:102DA0001B97DC01CB01800F911FA21FB31FF601FF
:102DB00084839583A683B783C6010E94B60A78945C
:102DC00031C98FEA90E09A838983910142E061E002
:102DD000848595850E94452A8A8186FF0BC0D6018D
:102DE00054962D913C9155972F5F3F4F55963C93AC
:102DF0002E935497F6019089913009F4D7C1982FFA
:102E00009F73892F880F890F880FF601818B80337C
:102E100008F057CBD6011F968C911F978E7F1F9677
:102E20008C93F8940E94974FF601008511852285B6
:102E30003385DC01CB01800F911FA21FB31F848358
:102E40009583A683B783C6010E94B60A789498C872
:102E50001C968D919C9120E72AAB810122E0AE0166
:102E60004E5C5F4F61E00E94DE3A0E94113A898118
:102E700090E0982F882788279F712A81822BF6015E
:102E8000268537852817390710F497878687D60156
:102E900051969C938E935097C0970CF0BECBF60141
:102EA00082898E7F828BF8940E94974FD601189664
:102EB0000D911D912D913C911B97DC01CB01800F51
:102EC000911FA21FB31FF60184839583A683B78346
:102ED000C6010E94B60A7894CDC884859585A685DA
:102EE000B7859C01AD01892B8A2B8B2B09F02ECD48
:102EF000628DBDEFDB2ED60E6450D11409F453C1A0
:102F000070E06F5F7F4F620D731DA1018FEF9FEF28
:102F1000FA014F5F5F4F20812927322F32953F7092
:102F20002327E22FF0E0A22FB82FCD01FE2FEE27AE
:102F3000F295F07F8E279F27B0E22B9F90011124FE
:102F4000822793274617570719F7F101ED0DF11D59
:102F50003081FE013296ED0DF11D208128173907D1
:102F600009F096C0F701A689812C912C5401A11576
:102F700009F442C0C788D12CB0E023E080E090E0A3
:102F8000812C912C5401A601082E02C0559547951D
:102F90000A94E2F740FF2BC0F101E20FF11D4081DE
:102FA00050E060E070E0BA0155274427FE013396F7
:102FB000E20FF11D3081432BFE013296E20FF11D2D
:102FC00030812A013B01532A67FF02C077247A949B
:102FD000840C951CA61CB71CF701378DE30FF11D5F
:102FE00040A251A262A273A23C5FF701378F019603
:102FF0002D5FA817B90739F6F701ED5AFF4F808109
:103000009181009749F0DC019A962C9120FF04C031
:10301000B501A4010E94AA4FF701278D818D820F6F
:103020009927991FC4970CF498C8C70180969F935D
:103030008F931F922F93848D8F93838D8F931F92E5
:103040001F9386E99DE09F938F930E948E0CD7017A
:103050005F961C925F975B968D919C915C97019611
:103060005C969C938E935B970FB6F894DEBF0FBE71
:10307000CDBF73C8D8011C92F601E25BFF4F60819F
:103080003497808191810E945029F6018389ECCC8C
:1030900020E030E040E050E859CC21FF06C040E09D
:1030A00030E020E080E490E46ACBF70186859785E4
:1030B000A089B1890097A105B10509F0CBC0E05BFB
:1030C000FF4F80819181009749F0DC019A962C9105
:1030D00020FF04C0B501A4010E94AA4F94014A2D0B
:1030E0009B2D5CCB86851AAA811509F46ACE8130A6
:1030F00009F4A0C0118A8ECEF601ED5AFF4F8081EF
:103100009181A281B381272F481759076A072B0B9A
:1031100027FF96CCA6CC8FEF8093270180932601C2
:1031200078940000F894809126018111F9CF0C94D5
:10313000B90EF601ED5AFF4F4083518362837383CA
:10314000369760813397808191810E94502980E079
:1031500086CCBEE7CB1250C8CC24C3940FEF72C804
:1031600081E3D1011D928A95E9F788EA8983F60106
:103170008089813011F488EE8983910141E361E017
:10318000D6011C968D919C910E94452A4601B7E17B
:103190008B0E911C80E3FE013296D40101900D92BA
:1031A0008A95E1F79BC98FEF9FEFCFCE85FF56C081
:1031B000118A30CEFC01EF53FE4F20818E539E4F7B
:1031C000DC01EC90F22E6DEF6C0D84EC91E00E942E
:1031D0006B4FE816F90611F00C94FC101D7F10934C
:1031E000C30180910901D8120C94191181E08D0D51
:1031F0008F708061809309018C2D0E94F55401E04D
:103200000C94221188E2898350968C91813011F4BC
:1032100088EA89834601B7E18B0E911C840120E383
:10322000A10161E0F601848595850E94DE3A0E9445
:10323000113A54C98FE289838E010E5C1F4F21E041
:10324000A10161E0848595850E94DE3A0E94113AD1
:103250008AA9C3CD9C014A2F9B2FA0CA982F9F718A
:10326000892F880F890F880FD0CDCF93DF93CDB7EB
:10327000DEB78BE992E09093980180939701FFB6B7
:10328000F8941092800001E000938100E4E8F0E0FF
:103290001182108280819181C296909389008093DF
:1032A000880012E016BB80819181C29690938B00BA
:1032B00080938A0084E086BB81E091E00E94B60A98
:1032C00006BB10936F00FFBE88E19DE00FB6F89437
:1032D000A895809360000FBE9093600080E4809377
:1032E00060001093C00080E190E09093C50080934F
:1032F000C40086E08093C20088EB8093C10080E226
:103300009EE09F938F930E948E0C0F900F90F894E5
:103310008AE991E00E94F0568C01892B09F4B9C02A
:10332000F8940E94974FA62E972E882E792EE2E2CF
:10333000F1E08681811509F4AFC082E291E022E0DC
:10334000DC0116962C9316970AE011E00D931C935E
:10335000EAE1F1E04481558166817781D8011496D4
:103360004D935D936D937C931797DC011396FC93BB
:10337000EE931297D801ED93FC9382E191E0918353
:1033800080838091840090918500C29690938900FB
:103390008093880026BB109299010E94B1099FEF8B
:1033A00070E060E011E10091C001C090BE01D090DA
:1033B000BF01E1E0E90FF0E0EE0FFF1FEE0FFF1F8E
:1033C000EC0DFD1D892F0AC0AF014C5F5F4F2081BE
:1033D000318121543F4109F461C0FA018F5F8017A8
:1033E00098F3E72FF62F309709F45FC043A140719F
:1033F000A489B58986895FB7F894411509F47AC024
:1034000012964C911297842B12968C935FBF83A1D6
:10341000282F207184FD212F23A310A2178EC3CF44
:103420005FEF4091C00181E0850F90E0880F991F08
:10343000880F991FE091BE01F091BF01E80FF91FBD
:103440000AC09F012C5F3F4F808191818C5596432C
:1034500009F42EC2F9015F5F541798F381E091E0FF
:103460000E94B60AE2E2F1E081E0868378948781E7
:103470001F928F937F928F929F92AF9284E19EE0F2
:103480009F938F930E948E0C0FB6F894DEBF0FBEF1
:10349000CDBF78940E94960E07834FCF0280F381B0
:1034A000E02D982F309709F0A1CF1FEFE12CF12CE0
:1034B000E1E0E10FF0E0EE0FFF1FEE0FFF1FEC0D5C
:1034C000FD1D912F09C0AF014C5F5F4F20813181FD
:1034D000245D3E41A9F0FA019F5F9017A0F3F70128
:1034E0003097A1F015A214A260E0CF0188960E9447
:1034F0001D21DECF12964C9112978095842384CFA4
:103500000280F381E02D192F309761F71FEF612CB6
:10351000B12CE1E0E10FF0E0EE0FFF1FEE0FFF1F17
:10352000EC0DFD1D812F09C0AF014C5F5F4F208165
:1035300031812F52364249F1FA018F5F8017A0F393
:10354000E62CFB2CE114F10431F1C7010E94590A69
:10355000C70108960E94590AD7015496ED91FC9133
:10356000309761F0DF010190F081E02D13961C92FD
:103570001E9212971D921C923097A1F7F701158A9F
:10358000148A108E178A168AC4CFE280F380182F0F
:10359000E114F104D1F61FEFBB24BA94409100016D
:1035A000E1E0E10FF0E0EE0FFF1FEE0FFF1FEC0D6B
:1035B000FD1D0AC09F012C5F3F4F808191818B5977
:1035C0009F4109F43EC0F9011F5F101798F3409323
:1035D00000019FEF7E2D6F2DF090C0010091BE0184
:1035E0001091BF01E1E0E90FF0E0EE0FFF1FEE0FD9
:1035F000FF1FE00FF11F892F0AC0AF014C5F5F4F23
:10360000208131812C5A3E4109F445C0FA018F5F77
:103610008F1598F3E72FF62F309709F443C0858173
:1036200080FFE0CFA281B38124813FB7F89483FD6E
:1036300095C112968C911297822B12968C933FBF54
:10364000CBCF0280F381E02D309709F4C0CF828D7B
:10365000841301C04B2D868D811509F4A1CF4093B1
:1036600000018F5F858F80899189A289B389408508
:10367000518562857385840F951FA61FB71F808BA8
:10368000918BA28BB38B84839583A683B783CF0161
:103690000E94B60A83CF0280F381E02D982F3097E5
:1036A00009F0BDCFEE24EA94C12CD12CE1E0EE0D5F
:1036B000F0E0EE0FFF1FEE0FFF1FE00FF11F8E2D4A
:1036C00009C0AF014C5F5F4F20813181235D3642DD
:1036D00089F0FA018F5F8F15A0F3F601309781F022
:1036E0009F012D5F3F4F428160E0808191810E9468
:1036F000452ADCCF0280F381E02DE82E309781F758
:103700000FEF10E0F12C66ED71E39091C00121E024
:10371000200F30E0220F331F220F331FE091BE0134
:10372000F091BF01E20FF31F802F09C0AF014C5F82
:103730005F4F208131812D573343B9F0FA018F5FFC
:103740008917A0F3E12FFF2D3097A9F08785908985
:10375000208531854285411509F44CC0D9018C93EF
:1037600073836283128A118AD0CF0280F381E02DA5
:10377000082F309759F76FEF10E070E09091C0017B
:1037800021E0260F30E0220F331F220F331FE0917C
:10379000BE01F091BF01E20FF31F862F09C0AF01F8
:1037A0004C5F5F4F208131812E53354361F1FA0127
:1037B0008F5F8917A0F3E12FF72F309751F1228502
:1037C000A085B185368535FF64C05FB7F894119642
:1037D0003C911197322B12964C911297242B1296F2
:1037E0002C93129711963C935FBF868580738160FE
:1037F0008687C4CF4FB7F8949927D90111969C9327
:103800008E934FBFADCF0280F381E02D682F3097AC
:10381000B1F66FEF10E070E09091C00121E0260F4B
:1038200030E0220F331F220F331FE091BE01F091D1
:10383000BF01E20FF31F862F09C0AF014C5F5F4F3E
:1038400020813181255D354371F1FA018F5F891740
:10385000A0F3E12FF72F309709F4E2CDA485B585C9
:1038600086859FB7F89412964C9112978095842381
:1038700012968C939FBFA785B08981899FB7F894D2
:1038800012964C9112978095842312968C939FBF29
:10389000C3CF4FB7F89412963C911297232B1296F0
:1038A0002C934FBFA2CF0280F381E02D682FD3CF9E
:1038B0000280F381E02D309709F4D0CDA185B28547
:1038C00083859FB7F89412962C9112978095822346
:1038D00012968C939FBFA485B58586859FB7F89473
:1038E00012962C9112978095822312968C939FBFEB
:1038F000A785B08981899FB7F89412962C91129769
:103900008095822312968C939FBFA289B389848964
:103910009FB7F89412962C91129780958223129655
:103920008C939FBFA589B68987899FB7F894129613
:103930002C9112978095822312968C939FBFA08D15
:10394000B18D828D9FB7F89412962C911297809525
:10395000822312968C939FBF108663CD12964C9152
:103960001297822F8095842368CE809133019091A5
:1039700034019F938F9321E030912801311101C0D0
:1039800020E01F922F9320912D012F9320912C0145
:103990002F9320912B012F9320912A012F9321E027
:1039A000892B09F420E01F922F9386EF9DE09F93CF
:1039B0008F930E948E0C8DB79EB70C960FB6F8941D
:1039C0009EBF0FBE8DBF08950E94974F9F938F9308
:1039D0007F936F938CEF9DE09F938F930E948E0C4B
:1039E0000F900F900F900F900F900F9008950F93DE
:1039F0001F930E94974F362F272F462F572FBC011A
:103A00007F938F932F933F9381E090E0A0E0B0E00D
:103A10000091890210918A0220918B0230918C02D0
:103A2000401751076207730718F080E090E0DC014F
:103A300040918502509186026091870270918802C0
:103A4000840F951FA61FB71FBF93AF939F938F93AC
:103A500082E09EE09F938F930E948E0C8DB79EB75D
:103A60000A960FB6F8949EBF0FBE8DBF1F910F919F
:103A70000895CF92DF92EF92FF92CF93DF93EC0104
:103A800088819981AA81BB81E6E8FDE04591559145
:103A90006591759184179507A607B70778F42C816F
:103AA0006C017D01C20ED11CE11CF11C4C155D05A1
:103AB0006E057F0528F5481B50E002C040E050E04D
:103AC0009C012C533F4F3F932F935F934F93BF9392
:103AD000AF939F938F938EE09EE09F938F930E946E
:103AE0008E0C8DB79EB70A960FB6F8949EBF0FBE88
:103AF0008DBFDF91CF91FF90EF90DF90CF90089531
:103B0000422F50E0DDCFFC0180810480F581E02D63
:103B10002FB7F8948130E9F08230B1F4808191813F
:103B2000A281B3812FBFBF93AF939F938F938AEEF0
:103B30009DE09F938F930E948E0C0F900F900F909B
:103B40000F900F900F900895808190E0A0E0B0E07A
:103B5000E9CF80819181A0E0B0E0E4CFFC018581D4
:103B60008F9384818F9380811F928F9380EF9DE04C
:103B70009F938F930E948E0C0F900F900F900F9039
:103B80000F900F900895CF93DF93AC01C0919701F0
:103B9000D09198019E01280F391F8DB79EB7815093
:103BA0009F4F88279A958217930768F03093980162
:103BB0002093970160E070E0CE010E946257CE0131
:103BC000DF91CF91089581E10E94AC0ACF93FC016F
:103BD0008091BE019091BF01892B89F4C0818C2F07
:103BE00090E0880F991F880F991F0E94C31D909322
:103BF000BF018093BE01C093C001CF9108958AE0B8
:103C00000E94AC0ACF93DF93282FCA013091C001E4
:103C10002317F0F430E0220F331F220F331FC0911F
:103C2000BE01D091BF01C20FD31F28813981232B40
:103C300079F42091330130913401232B49F46883C6
:103C400079830E94C31D8A839B83DF91CF9108955E
:103C50008BE00E94AC0A8FE00E94AC0A8EE00E94CA
:103C6000AC0A0F931F93CF93DF938C01C091330164
:103C7000D0913401209709F049C04091300150E0C3
:103C80004230B8F1E0919701F09198012DB73EB71D
:103C900021503F4F22273A95CF01782F692F840F6B
:103CA000951F2817390758F12196C11564E0D607EA
:103CB000A1F78E1B9F0B0E94C31DD0933401C093AC
:103CC000330190933201809331010E94B109F801D0
:103CD00080819181A281B38180932A0190932B01ED
:103CE000A0932C01B0932D01DF91CF911F910F91E3
:103CF000089582E08093300142E050E0C3CF872FE7
:103D0000962F2097B1F680E10E94AC0A8DE00E94C8
:103D1000AC0A8CE00E94AC0AFC0186898460868B28
:103D20001092260181E08093B10184819581A68162
:103D3000B7814089518962897389840F951FA61FB5
:103D4000B71F84839583A683B78381E00895FC0120
:103D5000648180810C943453FF920F931F93CF930F
:103D6000DF938C0146E050E06CEA7EE1FC0180814B
:103D70000E94021EEC01F801F08461E0F11060E0A5
:103D8000F80184810E9434536A837B838C838D8104
:103D900099E0F11001C091E0892B8D83DF91CF91E3
:103DA0001F910F91FF900895FF920F931F93CF9350
:103DB000DF938C014DE250E064ED7EE1FC018081F7
:103DC0000E94021EEC01F801F4841F140CF04EC096
:103DD00084E08CA764E0F80184810E9434536A8FE8
:103DE0007B8F8C8F60E0F80180850E9434536D8F4B
:103DF0007E8F8F8F80E090E0A0E0B0EC88A399A345
:103E0000AAA3BBA3F80180899189A289B3898E8B6B
:103E10009F8BA88FB98F1FA21EA21DA21CA220914A
:103E2000330130913401232B51F5209130012B3097
:103E300080F0F7FC04C08997A105B10570F084E11A
:103E400098E29B838A83DF91CF911F910F91FF901E
:103E500008952BE020933001ECCF8CA580638CA7D4
:103E6000DF91CF911F910F91FF900895F11003C042
:103E70006CA56470B0CF80E18CA760E0ACCF0E94ED
:103E80002E1EFF920F931F93CF93DF93EC0161E0FF
:103E900088859985AA85BB85892B8A2B8B2B09F46C
:103EA00060E08C810E943453F62E072F182F44E2D5
:103EB00050E061E47FE188810E94021EFC01F48AE7
:103EC000058B168B81E04C855D856E857F85452B46
:103ED000462B472B09F480E08295807F91E048854E
:103EE00059856A857B85452B462B472B09F490E045
:103EF000892B83A388899989AA89BB89878B908F0D
:103F0000A18FB28F12A211A210A2178E809133013D
:103F100090913401892B69F4809130018A3018F432
:103F20008AE080933001DF91CF911F910F91FF9034
:103F300008950E942E1ECF93DF93DC0114968C917E
:103F40001497C0E0D0E0FE01E25DF14FE4918E17DE
:103F500039F02196C830D105B1F78AE30E94AC0A46
:103F600087E980937A0080917E0021E030E00C2E7A
:103F700001C0220F0A94EAF7822B80937E004FE162
:103F800050E06BE97FE18C910E94021EFC018AE403
:103F900094E293838283C28F81E0858FDF91CF91FA
:103FA0000895FC0180819091C001891740F590E04F
:103FB000880F991F880F991FA091BE01B091BF0172
:103FC000A80FB91F8D919C91119781549F41B9F40D
:103FD00012960D90BC91A02DF8945F968D919C91B6
:103FE0009097892B71F444815581668177815B9626
:103FF0004D935D936D937C935E97789408950E94A2
:10400000891E84E10E94AC0AFC0180819091C0016C
:10401000891750F590E0880F991F880F991FA0917C
:10402000BE01B091BF01A80FB91F8D919C9111974E
:10403000845D9E41C9F412960D90BC91A02D81E043
:104040004481558166817781452B462B472B09F4A6
:1040500080E0880FF8949C969C919C979D7F892B7B
:104060009C968C93789408950E94891EDC018C9113
:104070009091C001891778F590E0880F991F880FFB
:10408000991FE091BE01F091BF01E80FF91F8081F7
:104090009181845D9E41F9F40280F381E02D1496B4
:1040A0008D919D910D90BC91A02DF89446855785DA
:1040B00060897189452B462B472B79F4848395833E
:1040C000A683B783828B938BA48BB58B84A5877FC4
:1040D00084A7789408950E94891E86E10E94AC0A04
:1040E000CF93DF93DC01EC919091C001E91708F0C8
:1040F0003DC02091BE013091BF01F0E0EE0FFF1FE7
:10410000EE0FFF1FE20FF31F40815181445D5E41BE
:1041100069F5C281D38114968C91891738F590E0A6
:10412000880F991F880F991FF901E80FF91F8081E7
:1041300091818F529642D1F40280F381E02D9E014D
:10414000285D3F4F8FB7F8944AA55BA5452B81F4B6
:104150004DE151E25BA74AA74489558959A748A771
:10416000358B248B8FBFDF91CF9108950E94891EDC
:1041700089E10E94AC0ACF92DF92EF92FF921F93E7
:10418000CF93DF93FC01148580819091C001891742
:1041900008F04EC090E0880F991F880F991FA091DA
:1041A000BE01B091BF01A80FB91F8D919C911197CD
:1041B000805A9642E9F51296CD91DC9184819581E1
:1041C000A681B781892B8A2B8B2BA1F58091BC000E
:1041D00082FF0DC0110F18838A8182608A83DF916C
:1041E000CF911F91FF90EF90DF90CF900895C08402
:1041F000D184E284F38461E081E10E94345361E080
:1042000080E10E9434531092B90080E8C8168AE118
:10421000D80686E0E806F10438F488E48093B80014
:1042200084E08093BC00D6CF8CE08093B800F8CFB8
:104230000E94891E8EE30E94AC0A0F931F93CF93B6
:10424000DF938C01EC01A897CE010E94590A1C82D1
:104250001D821E821F821A8A1B8A1C8A1D8A88A1BF
:1042600099A1AAA1BBA12CA54E855F8568897989F2
:1042700024FD04C07695679557954795841B950B4B
:10428000A60BB70BB7FF07C0B095A0959095819589
:104290009F4FAF4FBF4FB095A095909581959F4F81
:1042A000AF4FBF4F88A399A3AAA3BBA31E861F86A7
:1042B000188A198A247328602CA7ED8DFE8D8F8DA6
:1042C0009FB7F89422818095822382839FBF8CA51B
:1042D00084FF23C085FD21C0E8012497E881F9818E
:1042E0003097B1F030912E0120912F0101C0FC01D7
:1042F000808191819983888330832183F0932F017A
:10430000E0932E01888199813E2F2F2F009779F716
:10431000DF91CF911F910F910895EA8DFB8D9C8DB8
:104320002FB7F89482FD07C03281892F80958323AF
:1043300082832FBFD1CF8281892BFACF0F931F9316
:10434000CF93DF938C01FC0180819091C00189178C
:1043500008F070C090E0880F991F880F991FE091B6
:10436000BE01F091BF01E80FF91F8081918189564C
:10437000954209F05FC0C281D381CE010E94590AE3
:10438000F80184819581A681B7818C839D83AE835A
:10439000BF8380859185A285B3858F87988BA98BF4
:1043A000BA8B84858A8F8115E9F1408951896289A8
:1043B00073894B875C876D877E8722EC39E23B836C
:1043C0002A838B8F84899589A689B789892B8A2B23
:1043D0008B2B31F582E0898FF801808D9091C0019F
:1043E000891740F590E0880F991F880F991FE09179
:1043F000BE01F091BF01E80FF91F808191818F52BA
:104400009642C1F482819381988F8F8BF801848DBD
:104410008C8FCE01DF91CF911F910F910C94B60A32
:1044200083E0D9CF188E1F8A198EDF91CF911F910B
:104430000F9108950E94891E0F931F93CF93DF93CE
:104440008C01FC0180819091C001891708F053C054
:1044500090E0880F991F880F991FE091BE01F0919D
:10446000BF01E80FF91F808191818F52964209F0B8
:1044700042C0C281D381F894CE010E94590ACE0174
:1044800008960E94590AEC89FD89309761F0DF0196
:104490000190F081E02D13961C921E9212971D92AE
:1044A0001C923097A1F71D8A1C8A188E1F8A81E002
:1044B0008E8BF80184819581A681B7818C839D8341
:1044C000AE83BF8380859185A285B385888B998BC8
:1044D000AA8BBB8B892B8A2B8B2B49F4F801848503
:1044E000888F7894DF91CF911F910F910895CE011D
:1044F0000E94B60AF3CF0E94891EEF92FF920F939B
:104500001F93CF93DF93EC0188819091C0018917AD
:1045100098F590E0880F991F880F991FE091BE01D0
:10452000F091BF01E80FF91F808191818F5296426F
:1045300019F502811381F894F801868980FD08C07D
:104540007894DF91CF911F910F91FF90EF90089594
:104550007801F8E0EF0EF11CC7010E94590A8C8126
:104560009D81AE81BF81F80184879587A687B78733
:10457000C7010E94B60AE4CF0E94891E0F931F93C1
:10458000CF93DF938C01FC0180819091C00189174A
:1045900008F058C090E0880F991F880F991FE0918C
:1045A000BE01F091BF01E80FF91F808191818B5905
:1045B0009F4109F047C0C281D381CE010E94590AB0
:1045C000909100018A8D981303C08FEF80930001B2
:1045D000F80184819581A681B781888B998BAA8BFC
:1045E000BB8B8C839D83AE83BF8380859185A285A1
:1045F000B3858C879D87AE87BF8784858E8F91E03A
:10460000980F9D8F4089518962897389488759879E
:104610006A877B87248935893F8B2E8B208D318D4E
:10462000398F288F948D9C8F811105C0DF91CF9198
:104630001F910F910895CE01DF91CF911F910F919E
:104640000C94B60A0E94891ECF92DF92EF92FF92DD
:10465000CF93DF93DC018C919091C001891708F012
:104660008CC090E0880F991F880F991FE091BE01C0
:10467000F091BF01E80FF91F8081918181549F4122
:1046800009F07BC0C281D3818FB7F894E0912E01ED
:10469000F0912F01309709F472C02081318130935D
:1046A0002F0120932E018FBF1496CD90DD90ED90B9
:1046B000FC901797C282D382E482F58218968D917E
:1046C0009D910D90BC91A02D86839783A087B18783
:1046D000F894118210828F8D98A1892B71F0A9A175
:1046E000BAA1ED93FC93FAA3E9A37894DF91CF915B
:1046F000FF90EF90DF90CF900895FAA3E9A3F8A37D
:10470000EF8F8BA182FD2BC0C88AD98AEA8AFB8AE7
:10471000982F94609BA381FD16C0CE010E94590A78
:10472000CC82DD82EE82FF8280E49BE09B838A83E1
:10473000CE010E94B60A7894DF91CF91FF90EF905E
:10474000DF90CF9008954C815D816E817F81872FAE
:104750004C155D056E058F0987FDEDCFDECF4889CD
:1047600059896A897B89972F4C155D056E059F09CC
:1047700097FFCACF83E10E94AC0A0E94891E0E9463
:104780002B1ECF92DF92EF92FF920F931F93CF9346
:10479000DF938C01FC0180819091C001891708F0A2
:1047A00074C090E0880F991F880F991FE091BE0197
:1047B000F091BF01E80FF91F8081918181549F41E1
:1047C00009F063C0C281D381CE010E94590A8F8D46
:1047D00098A1892B09F05BC0F80194811BA101E02D
:1047E000911569F1EC89FD898E892FB7F894328192
:1047F000911123C08095832382832FBF107121E004
:10480000911120E014FB882780F991E0892728176F
:1048100041F08F89988DA98DBA8D892B8A2B8B2B8E
:1048200081F4802F812B8BA3DF91CF911F910F916A
:10483000FF90EF90DF90CF900895832BDDCF00E0C5
:10484000D1CF0E94974FCF88D88CE98CFA8CC60EB6
:10485000D71EE81EF91EC88AD98AEA8AFB8ACC824A
:10486000DD82EE82FF8280E49BE09B838A83102BB3
:1048700014601BA3CE01DF91CF911F910F91FF9088
:10488000EF90DF90CF900C94B60A0E94891E82E1CF
:104890000E94AC0AFC0180917A0086FD07C0828DDF
:1048A000909100019817D1F09F3F71F0848195811C
:1048B000A681B7818853984FAF4FBF4F84839583AC
:1048C000A683B78381E00895809300018770806498
:1048D00080937C0087ED80937A00E8CF8FEF809300
:1048E00000012091780030917900858D968D89178F
:1048F00078F181E0358B248B858F891798F1848D31
:10490000811559F04689578924173507E8F1408DFC
:10491000518D42175307C0F1138E1092260181E08A
:104920008093B20180899189A289B389408551859C
:1049300062857385840F951FA61FB71F808B918B8F
:10494000A28BB38B84839583A683B78381E008957C
:1049500044895589240F351F8F5F358B248B858FB4
:10496000891768F684819581A681B781448555852C
:1049700066857785840F951FA61FB71F848395834F
:10498000A683B78381E00895938D9F5F938F9817D7
:1049900020F2809128018111BFCF8AE10E94AC0AE8
:1049A000FC0120818091C001281708F048C0822FA7
:1049B00090E0880F991F880F991FE091BE01F09138
:1049C000BF01E80FF91F80819181845D9E41B9F597
:1049D0000280F381E02DF89480A191A1A2A1B3A15E
:1049E000468557856089718934A534FD04C0769564
:1049F000679557954795841B950BA60BB70B789435
:104A0000B7FF07C0B095A095909581959F4FAF4F88
:104A1000BF4FB054BF93AF939F938F931F922F9329
:104A200084EE9DE09F938F930E948E0C8DB79EB76E
:104A300008960FB6F8949EBF0FBE8DBF08950E94D2
:104A4000891EFC0120818091C001281708F03FC019
:104A5000822F90E0880F991F880F991FE091BE0167
:104A6000F091BF01E80FF91F80819181895695422D
:104A700071F50280F381E02DF894818D438954898A
:104A8000658976897894A085B1859C913285932338
:104A900031E0911101C030E01F923F937F936F93FB
:104AA0005F934F93869581701F928F931F922F93E0
:104AB0008EED9DE09F938F930E948E0C8DB79EB7D5
:104AC0000C960FB6F8949EBF0FBE8DBF08950E943E
:104AD000891E0F931F93CF93DF93EC014DE150E0BC
:104AE00069E675E288810E94021E8C0168858C81CE
:104AF0000E946C53F801608771878287DF91CF91A4
:104B00001F910F910895CF92DF92EF92FF920F9332
:104B10001F93CF93DF93FC0180819091C00189178F
:104B200008F098C090E0880F991F880F991FA091F6
:104B3000BE01B091BF01A80FB91F8D919C91119733
:104B40008C5A9E4109F086C012960D911C91C08529
:104B5000C43008F07CC0D8011596DC91D670D11114
:104B600076C0C484D584E684F78484819581A68147
:104B7000B781892B8A2B8B2B09F06EC0E8E2FEE00F
:104B8000A591B59111968C9184FF50C060E08FE0A3
:104B90000E94345360E08DE00E94345360E08EE068
:104BA0000E946C5380E58CBD1DBC81E0C114B2E154
:104BB000DB06BAE7EB06F10430F580E0C114E9E06A
:104BC000DE06EDE3EE06F104F0F481E0D1E0F0E87A
:104BD000CF16F4E8DF06FEE1EF06F104A0F480E072
:104BE000D1E020E4C21622E4D2062FE0E206F1046E
:104BF00050F480E2C81681EAD80687E0E806F1049E
:104C0000D0F081E0D2E0CC0FCC0FCD2BC065F80105
:104C1000C0838183858184608583DF91CF911F91DB
:104C20000F91FF90EF90DF90CF90089560E08CE0BF
:104C30000E943453ABCF80E0D3E0A0E9CA16A0EDC8
:104C4000DA06A3E0EA06F104F0F2D2E0DCCF8BE171
:104C50000E94AC0A0E94891E8BE30E94AC0ACF938B
:104C6000DF93FC01C0818091C001C81798F5D0E0A6
:104C7000CC0FDD1FCC0FDD1FE091BE01F091BF0115
:104C8000EC0FFD1F80819181892B21F580913301EB
:104C900090913401892BF1F48FE296E29183808325
:104CA00089E190E00E94C31DFC01A091BE01B0917A
:104CB000BF01AC0FBD1F13969C938E9312978CE887
:104CC0009EE19383828382EF99E293878287DF91CB
:104CD000CF9108958BE00E94AC0ACF93DF93FC0143
:104CE000C0818091C001C81740F5D0E0CC0FDD1F16
:104CF000CC0FDD1FE091BE01F091BF01EC0FFD1F55
:104D000080819181892BC9F4809133019091340184
:104D1000892B99F48CEA9EE19183808386E090E070
:104D20000E94C31DE091BE01F091BF01EC0FFD1F79
:104D300093838283DF91CF9108958BE00E94AC0A28
:104D4000CF93DF93FC01C0818091C001C81740F56B
:104D5000D0E0CC0FDD1FCC0FDD1FE091BE01F09144
:104D6000BF01EC0FFD1F80819181892BC9F48091D7
:104D7000330190913401892B99F480EA96E2918372
:104D8000808383E090E00E94C31DE091BE01F0911A
:104D9000BF01EC0FFD1F93838283DF91CF910895B4
:104DA0008BE00E94AC0ACF92DF92FF920F931F9389
:104DB000CF93DF93EC018C819091C001891770F53E
:104DC00090E0880F991F880F991FE091BE01F09124
:104DD000BF01E80FF91F808191818C5A9E41F1F447
:104DE000C280D380F8840F2D10E0A8014D5F5F4F83
:104DF00063ED76E288810E94021EFC01D182C082AE
:104E0000F2826C857D85A8010396DF91CF911F9179
:104E10000F91FF90DF90CF900C9447570E94891E0E
:104E20004F925F926F927F928F929F92AF92BF92BA
:104E3000CF92DF92EF92FF921F93CF93DF93EC011B
:104E4000ECA1FDA13097A9F41E861F86188A198A45
:104E500080E0DF91CF911F91FF90EF90DF90CF9096
:104E6000BF90AF909F908F907F906F905F904F908A
:104E70000895808191819DA38CA382819381A481D7
:104E8000B58140855185268137816285162F117045
:104E9000E0902E01F0902F01F182E082F0932F013B
:104EA000E0932E01C8A0D9A0EAA0FBA060FF08C033
:104EB000F094E094D094C094C11CD11CE11CF11C6E
:104EC00060E070E04A015B01C40ED51EE61EF71ECD
:104ED000C8A2D9A2EAA2FBA23D872C876901032EB2
:104EE000000CEE08FF08C80ED91EEA1EFB1EC8867D
:104EF000D986EA86FB86ECA5CC80DD80EE80FF803B
:104F0000E5FF15C08C0D9D1DAE1DBF1D8C839D83BF
:104F1000AE83BF83232B09F06AC0EF7BECA74E87DB
:104F20005F87688B798B11114EC081E092CF4E85DF
:104F30005F85688979894A885B886C887D88840D5B
:104F4000951DA61DB71D8A8B9B8BAC8BBD8B8C834F
:104F50009D83AE83BF833E2F3071E4FF3AC08E86BF
:104F60009F86A88AB98A452B462B472BE1F22B2F27
:104F70008C159D05AE052F0927FD45C01115A9F219
:104F8000311137C0ED8DFE8D8F8D80830E94974F3C
:104F9000CE88DF88E88CF98CDC01CB018C0D9D1D5F
:104FA000AE1DBF1DCC80DD80EE80FF802F2DC8168A
:104FB000D906EA062B0B27FFB8CF8C839D83AE83DF
:104FC000BF8381E046CFED8DFE8D8F8D808381E0A4
:104FD00040CF880C991CAA1CBB1C8E869F86A88A71
:104FE000B98A452B462B472B09F49DCFC0CFE064EF
:104FF00095CF0E94974F292F6C157D058E052F099F
:1050000027FDF7CFBFCF8C199D09AE09BF098038A6
:10501000914CAF4FBF4F2CF0CC82DD82EE82FF82ED
:10502000ADCF88E10E94AC0A4F925F926F927F925F
:105030008F929F92AF92BF92CF92DF92EF92FF92A8
:105040000F931F93CF93DF93EC01EA8DFB8D8C8D33
:1050500080830E94974F0E891F89288D398DDC012E
:10506000CB01800F911FA21FB31F0E851F852889BA
:1050700039896801790141E0C41AD108E108F108D1
:1050800000FD1DC02CA524FD1FC0CE86DF86E88A4A
:10509000F98A8C839D83AE83BF8381E0DF91CF91BA
:1050A0001F910F91FF90EF90DF90CF90BF90AF9046
:1050B0009F908F907F906F905F904F900895C11454
:1050C000D104E104F10471F1488459846A847B8439
:1050D0000A891B892C893D89040D151D261D371D44
:1050E0000A8B1B8B2C8B3D8B8C849D84092C000C94
:1050F000AA08BB08840C951CA61CB71C8886998638
:10510000AA86BB86432F081719072A074B0B47FDB2
:10511000BCCFCE86DF86E88AF98A0C831D832E8376
:105120003F83BBCF8C839D83AE83BF83CE01DF9152
:10513000CF911F910F91FF90EF90DF90CF90BF9094
:10514000AF909F908F907F906F905F904F900C9456
:105150001027CF93DF93DC018C919091C0018917C8
:1051600008F097C090E0880F991F880F991FE09171
:10517000BE01F091BF01E80FF91F80819181845D2C
:105180009E4109F086C0C281D3818FB7F894E09127
:105190002E01F0912F01309709F480C020813181D8
:1051A00030932F0120932E018FBF14964D915D9166
:1051B0006D917C911797428353836483758318960E
:1051C0008D919C91199791878087892B09F463C0F1
:1051D0001C968D919C91978386831286F8948CA55A
:1051E000282F217081FB992790F9291729F091E048
:1051F00089279285916092874E855F856889798934
:10520000452B462B472B39F583FF0EC080912E018D
:1052100090912F0191838083F0932F01E0932E01D1
:105220007894DF91CF9108958CA7118210828CA180
:105230009DA1892B09F1AEA1BFA1ED93FC93FFA322
:10524000EEA3CE010E941027CE010E94B60A7894E8
:10525000DF91CF9108958CA7118210828CA19DA11E
:10526000892B79F0AEA1BFA1ED93FC93FFA3EEA330
:105270007894DF91CF910895FFA3EEA3FDA3ECA353
:10528000E0CFFFA3EEA3FDA3ECA37894DF91CF9131
:1052900008950E94891E87E10E94AC0A0E942B1E7D
:1052A0000F931F93CF93DF93EC01162F0FB7F89452
:1052B0008E8980FF24C06F8B8A7F84608E8BAC893F
:1052C000BD891097B9F01296ED91FC9113978D91CD
:1052D0009C9111979D8B8C8B11961C921E9213960C
:1052E0001C921E921297612FCD010995AC89BD8940
:1052F000109749F71092260181E08093B1010FBF0A
:10530000DF91CF911F910F910895CF93FC01A0855C
:10531000B1859C91818D22859223911511F0809504
:10532000817080FD18C0C38DCA9521F1C38F84811F
:105330009581A681B7814785508961897289840FDB
:10534000951FA61FB71F84839583A683B783C1E0EB
:105350008C2FCF91089582EC99E293838283838985
:105360009489A589B68984839583A683B783828D22
:10537000838FEDCF648D8789908D0E9450298C2F6B
:10538000CF9108950F931F93FC01A085B1859C9147
:10539000448155816681778103851485258536850D
:1053A000400F511F621F731F818D2285922391151B
:1053B00011F08095817080FF08C044835583668317
:1053C000778381E01F910F910895438B548B658BF8
:1053D000768B85E899E293838283CF011F910F91A9
:1053E0000C9485290897FC01608D0E94502980E06B
:1053F00008951F93CF93DF93FC0110818091C0012A
:10540000181708F040C0812F90E0880F991F880F6F
:10541000991FA091BE01B091BF01A80FB91F8D9136
:105420009C9111978F52964271F51296CD91DC9115
:10543000F8946481CE010E945029CE010E94590A3D
:10544000CE0108960E94590A1E8A8F8978941F926D
:105450001F921F921F921F928F931F921F921F9253
:105460001F9388ED9DE09F938F930E948E0C8DB7C4
:105470009EB70C960FB6F8949EBF0FBE8DBFDF91FE
:10548000CF911F9108950E94891E2F923F924F92B3
:105490005F926F927F928F929F92AF92BF92CF92C4
:1054A000DF92EF92FF920F931F93CF93DF93CDB7CD
:1054B000DEB72A970FB6F894DEBF0FBECDBF8B8341
:1054C0009C83262E342E8901AB81BC811596BC911C
:1054D000BD838B2F8670811579F1B270BB2EED8163
:1054E000E170E887FFEFF40FFE832D81AB81BC8173
:1054F00021FD3BC09C9111968C919CBD8DBDB885C2
:10550000B111F4C0611509F488C14115A9F0F80181
:1055100098012F5F3F4F8E81280F311D81918EBDE5
:105520000DB407FEFDCF8EB5DF018E932E173F071A
:10553000A9F7B885B1115BC12A960FB6F894DEBF02
:105540000FBECDBFDF91CF911F910F91FF90EF90D4
:10555000DF90CF90BF90AF909F908F907F906F9093
:105560005F904F903F902F9008950D90BC91A02D8B
:10557000BA83A9831D969C911D9792701696ED9102
:10558000FC91179718968C912FB7F894911142C1FE
:1055900092818095892382832FBF0E94974FE98152
:1055A000FA81C184D284E384F484C60ED71EE81E37
:1055B000F91E0E94974F292F6C157D058E052F0926
:1055C00027FDF7CFB885B11191C0AB81BC810D909B
:1055D000BC91A02DBA87A98719964D905D906D90CA
:1055E0007C901C9753014201B694A794979487949A
:1055F000481859086A087B080E94974F7501640192
:10560000C60ED71EE81EF91E311409F4ECC01A8329
:105610000983C8010196EE81E80FF92FF11DFF8380
:10562000EE83A981BA810D91BA83A983E985FA85B0
:105630008585182F117098E0392E80FF70C010E01A
:105640000E94974F292F6C157D058E052F0927FD88
:10565000F7CFA985BA851696ED91FC911797189604
:105660008C91189780831396ED91FC911497159661
:105670008C919FB7F894228107FFE7C0822B828329
:105680009FBF0E94974F73016201C60ED71EE81E8E
:10569000F91E000F110F0E94974F292F6C157D05E1
:1056A0008E052F0927FDF7CFA985BA851696ED91AE
:1056B000FC91179718968C9118978083ED91FC9127
:1056C0001197808112969C91892391E0811101C0EC
:1056D00090E0192B0E94974F75016401C60ED71EEA
:1056E000E81EF91E3A9409F0ABCF70C09D81987006
:1056F000AB81BC811296ED91FC91139714968C911D
:105700002FB7F89491119EC03281809583238283B4
:105710002FBFB11409F4A3C0E1E0E88756CF0E947F
:10572000974F292F6C157D058E052F0927FDF7CF83
:10573000A985BA851396ED91FC91149715968C91D5
:105740009FB7F894228107FF83C0822B82839FBF7B
:10575000A985BA851696ED91FC91179718968C91AC
:1057600080830E94974F73016201C60ED71EE81E08
:10577000F91E000F110F0E94974F292F6C157D0500
:105780008E052F0927FDF7CFA985BA85ED91FC91EC
:105790001197808112969C91892391E0811101C01B
:1057A00090E0192BA985BA851696ED91FC91179773
:1057B00018968C9180830E94974F75016401C60EE4
:1057C000D71EE81EF91E3A9409F0A9CF211419F04A
:1057D000E981FA811293E981FA812E813F81E217F2
:1057E000F30709F01ECFB885B11509F4A5CE9D8148
:1057F0009870AB81BC811296ED91FC911397149631
:105800008C912FB7F894911126C09281892B8283B5
:105810002FBF92CE9281892BBECE411509F48CCE3A
:10582000AE818A2F90E00196800F911FF8012081B0
:105830000F5F1F4F2EBD0DB407FEFDCF08171907D0
:10584000A9F7D1CF3281832B62CF8095822317CFE6
:10585000809582237BCF928180958923D8CF211494
:1058600021F0311431F2288652CE311411F291E038
:105870009887D6CF0F931F93CF93DF93FC01C081FE
:105880008091C001C817B8F58C2F90E0880F991F40
:10589000880F991FA091BE01B091BF01A80FB91F39
:1058A0008D919C9111978C5A9E4129F5D481108538
:1058B0000185212F302F4D2F61E012968D919C9103
:1058C0000E94452A0F931F931F92DF931F92CF933D
:1058D0008CEC9DE09F938F930E948E0C8DB79EB7AA
:1058E00008960FB6F8949EBF0FBE8DBFDF91CF9183
:1058F0001F910F9108950E94891EFC018081909153
:10590000C0018917D0F490E0880F991F880F991F64
:10591000A091BE01B091BF01A80FB91F8D919C91BC
:1059200011978C5A9E4149F420853185448160E06D
:1059300012968D919C910C94452A0E94891ECF93BA
:10594000DF93EC012A8D2115B9F0FC0130E0A901AB
:10595000440F551F420F531F4C0F5D1F20E091E075
:10596000A38DB48D8C91358D83238111292B990FB3
:105970003396E417F507A1F79C85921751F04D85F2
:10598000842F8227582F5095392F322735233111F4
:105990001DC0888D2D8787FD05C09FEF980F81154D
:1059A00061F1988F8C819D81AE81BF814885598539
:1059B0006A857B85840F951FA61FB71F8C839D83E7
:1059C000AE83BF8381E0DF91CF9108958923422385
:1059D000842B8C87EE85E830E0F691E09E0F9E8761
:1059E000EC0FFD2FF11D87871092260181E0809337
:1059F000B3018FEF888F2D87D5CF1092260181E0DC
:105A00008093B301CECFFC01A385B4854C918785EB
:105A1000982F977021E030E001C0220F9A95EAF7A5
:105A2000A82FA695A695A695AE0FBF2FB11D5A9685
:105A30009C915A97558545234115D1F0922B5A9642
:105A40009C938F5F90898917D8F48787848195818B
:105A5000A681B78146895789608D718D840F951F06
:105A6000A61FB71F84839583A683B78381E008951B
:105A7000209592235A969C938F5F9089891728F3DB
:105A8000A085B1858285968595FD14C09FB7F89451
:105A900012962C911297822B12968C939FBF86851B
:105AA0008073896086871092260181E08093B4011B
:105AB00080E008952FB7F89411969C911197982B38
:105AC00012963C911297832B12968C9312971196F3
:105AD0009C932FBFE4CFFC01A385B4858C91968560
:105AE000258582238115D1F094609687878591E082
:105AF000980F97878034E0F484819581A681B781DF
:105B000046895789608D718D840F951FA61FB71F19
:105B100084839583A683B78381E0089592FFE6CFBF
:105B2000178683E09DE293838283CF010C94032D3B
:105B3000108AA085B1858285968595FF1BC03FB7E9
:105B4000F89411969C911197982B12962C9112977C
:105B5000822B12968C93129711969C933FBF868549
:105B60008073896086871092260181E08093B4015A
:105B700080E008952FB7F89412969C911297892B84
:105B800012968C932FBFEBCFFC0180899685292F2D
:105B900020728115C9F121111FC017868BE69DE285
:105BA0009383828346895789608D718D440F551F79
:105BB000661F771F440F551F661F771F84819581CD
:105BC000A681B781840F951FA61FB71F8483958375
:105BD000A683B78381E00895A385B48585853FB703
:105BE000F894282F209594FF27C012969C91129725
:105BF000892B11969C911197922311969C93119742
:105C000012968C933FBFC9CF9285A085B185211193
:105C100018C02FB7F89412963C911297932B1296B6
:105C20009C932FBF9685907399609687109226015A
:105C300091E09093B401089512968C91129782236B
:105C4000D8CF3FB7F89411962C911197292B129623
:105C50004C911297942B12969C93129711962C9319
:105C60003FBFE0CFCF92DF92EF92FF92CF93DF93CF
:105C7000DC011896ED91FC9119971A968C911A9760
:105C800080831E96CC911E9781E0C8271E96CC93E8
:105C90001E975696CD90DD90ED90FC9059971F96EB
:105CA0002C911F972F5F5196DC915197B701A60158
:105CB0002D1740F028C04C0D5D1D6E1D7F1D2F5F00
:105CC0002D1708F5E22FE695E695E695EA0FFB2FEE
:105CD000F11D828D90E0322F377002C09595879527
:105CE0003A95E2F78C2780FFE6CF1F962C931F97FB
:105CF0001496CD90DD90ED90FC9017974C0D5D1DA6
:105D00006E1D7F1D10C084EC9DE213969C938E93B4
:105D100012971496CD90DD90ED90FC9017974C0D56
:105D20005D1D6E1D7F1D14964D935D936D937C9349
:105D3000179781E0DF91CF91FF90EF90DF90CF90A8
:105D40000895CF93DF93FC0184819581A681B7816B
:105D50004489558966897789C58DD68D2881C42F58
:105D6000C170378D232331E0211101C030E0C3170A
:105D700061F04F5F5F4F6F4F7F4F448B558B668B4A
:105D8000778B808F918FA28FB38F408951896289E1
:105D90007389272F481759076A072B0B27FD10C057
:105DA0004085518562857385840F951FA61FB71F97
:105DB00084839583A683B78381E0DF91CF91089593
:105DC000248D2160248F4485558566857785840FD1
:105DD000951FA61FB71F808B918BA28BB38B109240
:105DE000260181E08093B50184819581A681B781E8
:105DF000D7CFCF93DF93DC011C96ED91FC911D97DB
:105E00001E969C911E971F96CD91DC9150975196AE
:105E10002C9188E005C09083660F90838A9549F0A5
:105E200067FFF9CF288360959083660F90838A95EA
:105E3000B9F7DF91CF910895CF92DF92EF92FF9261
:105E40000F931F93CF93DF93EC01E885F9858A8543
:105E500080830E94974F462F572FBC018E8591E07B
:105E600089278E878F858F5F8F870C811D812E817B
:105E70003F81CA88DB88EC88FD88813009F446C000
:105E80008530A0F4D901C8018C0D9D1DAE1DBF1D2C
:105E90008C839D83AE83BF8381E0DF91CF911F917F
:105EA0000F91FF90EF90DF90CF9008958E899F899A
:105EB000A88DB98D800F911FA21FB31F481B590BCE
:105EC0006A0B7B0BDB01CA010296A11DB11DB7FD58
:105ED00026C0B595A79597958795B595A79597955C
:105EE00087958C0D9D1DAE1DBF1D8E8B9F8BA88F22
:105EF000B98FE2E3FEE2FB83EA83400F511F621F8A
:105F0000731F840F951FA61FB71FC2CF401B510BD5
:105F1000620B730B4E8B5F8B688F798FB3CF0396B9
:105F2000A11DB11DD6CFAF92BF92CF92DF92EF925B
:105F3000FF920F931F93CF93DF93FC01962FA485BD
:105F4000B585268507851089D1884289538974894A
:105F5000A588B6883789E08CF18CC28C808586272D
:105F60002C9384FD21C085FD23C086FD25C087FDBF
:105F700027C02C93692F6295607F608769272C93D7
:105F800064FD2BC065FD26C066FD1DC067FD1FC0FA
:105F90002C93DF91CF911F910F91FF90EF90DF90A5
:105FA000CF90BF90AF900895E801D88285FFDDCFF4
:105FB000EA01788386FFDBCFE501388387FFD9CFFD
:105FC000E701C882D6CFF501308367FFE1CFE70153
:105FD000C882DECFEA017883D7CFF801D082D2CF52
:105FE000BF92CF92DF92EF92FF920F931F93CF93C6
:105FF000DF93EC01162F08E082E0B82E17FDADC04C
:10600000B1109DC0B12C110FCD84DE84EF84F888CF
:106010000E94974FC60ED71EE81EF91E0E94974F8A
:10602000292F6C157D058E052F0927FDF7CFEE81F1
:10603000FF8188852FB7F8949281982B31818095C4
:106040008323818392832FBFCD84DE84EF84F888FD
:106050000E94974FC60ED71EE81EF91E0E94974F4A
:10606000292F6C157D058E052F0927FDF7CFE881B7
:10607000F9818A812FB7F8949181982B328180958C
:106080008323828391832FBF0A9509F0B7CFB11480
:1060900009F476C0CD84DE84EF84F8880E94974F9F
:1060A000C60ED71EE81EF91E0E94974F292F6C15A9
:1060B0007D058E052F0927FDF7CFEE81FF818885AD
:1060C0002FB7F8949281982B318180958323818317
:1060D00092832FBFE985FA8510818B851823CD84A3
:1060E000DE84EF84F8880E94974FC60ED71EE81E04
:1060F000F91E0E94974F292F6C157D058E052F09DB
:1061000027FDF7CFE881F9818A812FB7F894918133
:10611000982B328180958323828391832FBF81E0E6
:1061200090E0111102C080E090E0DF91CF911F91CB
:106130000F91FF90EF90DF90CF90BF900895EB818B
:10614000FC818D812FB7F8949181982B32818095B5
:106150008323828391832FBF55CF81E0B81669F0E6
:10616000E985FA858B852FB7F8949281982B318138
:1061700080958323818392832FBFBB24B39443CF25
:10618000E985FA858B852FB7F8949281982B318118
:1061900080958323818392832FBF7CCFCF92DF9220
:1061A000EF92FF921F93CF93DF93EC01162FCD84D4
:1061B000DE84EF84F8880E94974FC60ED71EE81E33
:1061C000F91E0E94974F292F6C157D058E052F090A
:1061D00027FDF7CFE985FA858B852FB7F894928153
:1061E000982B318180958323818392832FBFEE8109
:1061F000FF8188852FB7F8949281982B3181809503
:106200008323818392832FBFCD84DE84EF84F8883B
:106210000E94974FC60ED71EE81EF91E0E94974F88
:10622000292F6C157D058E052F0927FDF7CFEB81F2
:10623000FC818D812FB7F8949181982B32818095C4
:106240008323828391832FBFCD84DE84EF84F888FB
:106250000E94974FC60ED71EE81EF91E0E94974F48
:10626000292F6C157D058E052F0927FDF7CFE881B5
:10627000F9818A812FB7F8949181982B328180958A
:106280008323828391832FBF612FCE010E94F02F41
:106290008130910541F0DF91CF911F91FF90EF90F8
:1062A000DF90CF90089583E090E0DF91CF911F9130
:1062B000FF90EF90DF90CF900895CF92DF92EF9212
:1062C000FF92CF93DF93EC01EB81FC818D812FB79F
:1062D000F8949181982B32818095832382839183D6
:1062E0002FBFCD84DE84EF84F8880E94974FC60EBE
:1062F000D71EE81EF91E0E94974F292F6C157D05A9
:106300008E052F0927FDF7CFEE81FF8188852FB7F6
:10631000F8949281982B3181809583238183928395
:106320002FBFCD84DE84EF84F8880E94974FC60E7D
:10633000D71EE81EF91E0E94974F292F6C157D0568
:106340008E052F0927FDF7CFE985FA858B852FB7B5
:10635000F8949281982B3181809583238183928355
:106360002FBFDF91CF91FF90EF90DF90CF900895F6
:10637000FC011092260181E08093B601818D81603D
:10638000818F84819581A681B78140855185628501
:106390007385840F951FA61FB71F84839583A683DB
:1063A000B78381E0089581E20E94AC0A0F931F93A6
:1063B000CF93DF93FC01A189B2898D919C911197B4
:1063C000928B818B16968D919C911797C085D18564
:1063D0002285211519F1888320912E0130912F01FA
:1063E00011963C932E93B0932F01A0932E01A18977
:1063F000B28927853089109779F58217930741F084
:1064000083859485A585B6850097A105B10571F4AE
:1064100080E0DF91CF911F910F9108952FB7F894ED
:10642000AC015527598348832FBFD6CF448155816E
:1064300066817781840F951FA61FB71F848395837C
:10644000A683B78383ED91E39383828381E0DF9119
:10645000CF911F910F91089512964D915D916D917D
:106460007C9115978217930741F083859485A585C4
:10647000B6850097A105B10531F444835583668341
:10648000778381E0E4CF0481158126813781800FF5
:10649000911FA21FB31F2B2F84179507A607270B49
:1064A00027FFEBCF80E20E94AC0ACF93DF93FC0181
:1064B00080819091C0018917C0F590E0880F991FE5
:1064C000880F991FA091BE01B091BF01A80FB91FFD
:1064D0008D919C9111978655934339F51296CD91E4
:1064E000DC91E4818F898E0F8F8BF8948E85E8176D
:1064F00038F01E868EEF888F7894DF91CF910895C3
:10650000982F9E1BF0E03F96EC0FFD1FDE011F96BB
:106510009D01290F311D81918D93A217B307D9F7E2
:106520009E877894DF91CF9108950E94891E6F9283
:106530007F928F929F92AF92BF92CF92DF92EF9213
:10654000FF921F93CF93DF93DC011C918091C001D8
:10655000181708F0A9C0812F90E0880F991F880FA5
:10656000991FE091BE01F091BF01E80FF91F8081F2
:1065700091818759954309F097C062807380E30148
:106580008D809E80AF80B884C984DA84EB84FC84DB
:106590000E94974F681979098A099B096C157D0536
:1065A0008E059F05A8F37301DFE0ED0EF11CF301EA
:1065B000C584D6840190F081E02DD30112962C91F0
:1065C0001297409184005091850013960D90BC91D4
:1065D000A02DC114D104B9F1CFE0CC0ED11CC60C52
:1065E000D71CE7018881DFEFED1AFD0A98E012C0A1
:1065F000F8946091840070918500208320837894C2
:10660000EB01C41BD50BCA17DB0708F5880FAB01DC
:106610009A95B1F087FFECCFF89460918400709167
:10662000850020837894EB01C41BD50BCA17DB07C8
:1066300070F4880FF89420837894AB019A9551F701
:10664000EC14FD0471F60E94974F21E00AC08FB749
:10665000F89492812095292322838FBF0E94974F1F
:1066600020E0F30165837683878390871F922F93C1
:106670001F921F9384EB9DE09F938F930E948E0C3B
:106680000F900F900F900F900F900F90DF91CF9180
:106690001F91FF90EF90DF90CF90BF90AF909F90B1
:1066A0008F907F906F9008950E94891ECF93FC0178
:1066B000C481C930B0F48C2F90E0AC01440F551F59
:1066C000480F591F455E5F4F66E573E380810E9466
:1066D000021EFC01C28F8FE99CE293838283CF91DB
:1066E000089584E20E94AC0AFC01448155816681D0
:1066F0007781208580810C94C253FF920F931F9362
:10670000CF93DF93EC01488559856A857B852C857D
:106710008C810E94C253F62E072F182F45E150E0BE
:106720006DE773E388810E94021EFC01F0860187F9
:10673000128788899989908B87878C899D89AE89F2
:10674000BF8983879487A587B68786ED91E3938376
:106750008283148A138A128A118A8091330190915C
:106760003401892B69F480913001883018F488E075
:1067700080933001DF91CF911F910F91FF90089589
:106780000E942E1E0F931F93CF93DF938C01FC0169
:1067900080819091C001891708F041C090E0880F76
:1067A000991F880F991FE091BE01F091BF01E80F7A
:1067B000F91F808191818655934389F5C281D381E8
:1067C000CE010E94590AF80184819581A681B78182
:1067D0008C839D83AE83BF8340855185628573859D
:1067E000488759876A877B8780898D878C871E8633
:1067F0001F8A8EEF888F8485898F87FD12C0452B75
:10680000462B472B29F4DF91CF911F910F910895CB
:10681000CE01DF91CF911F910F910C94B60A0E9487
:10682000891E82E20E94AC0A0F931F93CF93DF93DD
:106830008C01FC0180819091C0018917C8F590E01E
:10684000880F991F880F991FE091BE01F091BF0139
:10685000E80FF91F808191818052954349F5C281EB
:10686000D381CE010E94590AF80184819581A681C5
:10687000B7818C839D83AE83BF83408551856285BC
:106880007385488759876A877B87448555856685E0
:1068900077854C875D876E877F87888B998BAA8BDE
:1068A000BB8BCE01DF91CF911F910F910C94B60A53
:1068B0000E94891E0F931F93CF93DF93FC01808169
:1068C0009091C001891708F07DC090E0880F991F52
:1068D000880F991FA091BE01B091BF01A80FB91FE9
:1068E0008D919C9111978D57934309F06BC012962F
:1068F0000D911C918FB7F894C0912E01D0912F016A
:10690000209709F461C02881398130932F012093A9
:106910002E018FBF84819581A681B7818A839B8355
:10692000AC83BD83808591859F838E83F894198283
:106930001882D80151968D919C915297892B81F0A4
:106940005396ED91FC915497D183C0835496DC9378
:10695000CE9353977894DF91CF911F910F91089523
:10696000F801D48BC38BD28BC18B7894C8010E9461
:10697000590A8A819B81AC81BD81F80122813381D2
:10698000235D314381F026ED31E3F8013383228327
:1069900084839583A683B783C801DF91CF911F912C
:1069A0000F910C94B60AF801448155816681778174
:1069B000272F481759076A072B0B27FFE4CF80E2E0
:1069C0000E94AC0A0E94891E0E942B1ECF93DF9367
:1069D000FC0180819091C001891768F590E0880FD3
:1069E000991F880F991FA091BE01B091BF01A80FF8
:1069F000B91F8D919C91119786559343E1F412969E
:106A00000D90BC91A02D84815A969C915A9789171C
:106A1000A0F490E0EC01CC0FDD1FC80FD91FCA0F06
:106A2000DB1F648580850E946C536B8F7C8F8D8FFC
:106A3000DF91CF9108950E94891E83E20E94AC0AE3
:106A40000F931F93CF93DF93EC0140E250E060E29D
:106A500075E388810E94021E8C0168858C810E94EA
:106A60006C53F801658F768F878F81EA9EE293835E
:106A70008283DF91CF911F910F9108957F928F9222
:106A80009F92AF92BF92CF92DF92EF92FF920F93BD
:106A90001F93CF93DF93EC0144E250E06EE375E384
:106AA00088810E94021E8C0178848C809D80AE803B
:106AB000BF80CC84DD84EE84FF8461E0711001C06E
:106AC00060E0882D0E946C53F80163877487858786
:106AD00061E08C2D0E943453F801608771878287B2
:106AE00088899989AA89BB89828B938BA48BB58B62
:106AF00091E1711001C091E081E08C149D04AE041D
:106B0000BF0409F080E08295880F807E892BF80110
:106B10008687DF91CF911F910F91FF90EF90DF90CB
:106B2000CF90BF90AF909F908F907F9008958F925D
:106B30009F92AF92BF92FF920F931F93CF93DF93D9
:106B4000EC0160E08C810E943453F62E072F182F41
:106B500088849984AA84BB8497FC24C0A401415FE3
:106B60005F4F67E975E388810E94021EFC01F08295
:106B700001831283968685868C859D859483838385
:106B800088899989AA89BB8981879287A387B487D5
:106B9000DF91CF911F910F91FF90BF90AF909F9089
:106BA0008F90089587E20E94AC0A8F929F92AF92D5
:106BB000BF92CF92DF92EF92FF920F931F93CF93EA
:106BC000DF938C0142E150E065ED75E3FC018081CB
:106BD0000E94021EEC0160E0F80180850E9434539F
:106BE0006C877D878E8760E0F80184850E9434532E
:106BF0006F87788B898B61E0F80184810E94345320
:106C000068EFCE010E94F92E60E2CE010E94F92EBB
:106C1000F8940E94974F6B017C0160E0CE010E94C6
:106C2000F92E0E94974F462F572FBC017894488326
:106C300059836A837B834A015B018C189D08AE08E7
:106C4000BF08F80180899189A289B38988169906BD
:106C5000AA06BB0660F48C0D9D1DAE1DBF1D841BD6
:106C6000950BA60BB70B8C839D83AE83BF83F80176
:106C700084899589A689B78988169906AA06BB06CC
:106C800070F48C0D9D1DAE1DBF1D6C017D01C41ADD
:106C9000D50AE60AF70AC886D986EA86FB86DF9116
:106CA000CF911F910F91FF90EF90DF90CF90BF9009
:106CB000AF909F908F9008958F929F92AF92BF92C6
:106CC000CF92DF92EF92FF920F931F93CF93DF93B8
:106CD000EC014BE150E06CE576E388810E94021EF6
:106CE0008C0160E08C810E943453F80161877287C7
:106CF000838760E088850E943453F8016487758734
:106D0000868760E08C850E943453F8016787708B1A
:106D1000818B60E088890E943453F801628B738B09
:106D2000848B60E08C890E943453F801658B768BEC
:106D3000878B60E0888D0E943453F801608F718FDB
:106D4000828FF8940E94974F6B017C0160E0C8012C
:106D50000E94932F0E94974F462F572FBC01789483
:106D60008C8D9D8DAE8DBF8D4A015B018C189D0869
:106D7000AE08BF0888169906AA06BB0678F48C0DE3
:106D80009D1DAE1DBF1D6C017D01C41AD50AE60A0A
:106D9000F70AF801C482D582E682F782DF91CF91AB
:106DA0001F910F91FF90EF90DF90CF90BF90AF9029
:106DB0009F908F900895FF920F931F93CF93DF932F
:106DC000FC0180819091C001891708F068C090E0B3
:106DD000880F991F880F991FA091BE01B091BF0124
:106DE000A80FB91F8D919C9111978E53954309F06F
:106DF00056C01296CD91DC911E8511FF06C0DF9121
:106E0000CF911F910F91FF90089504816085718546
:106E1000F4840B3008F045C08BE0F81608F041C050
:106E2000402F50E0CE014A960E9447571F861173AB
:106E300012601E87802F880F880F880F898BFF0CA8
:106E4000FF0CFF0CF88A011521F08A8D8F738A32AE
:106E500019F18A899B89AC89BD898E8B9F8BA88FFC
:106E6000B98F82E39EE29B838A83F8940E94974FB6
:106E7000DC01CB018058934FAF4FBF4F8C839D8374
:106E8000AE83BF83CE010E94B60A7894DF91CF9182
:106E90001F910F91FF9008958CE19FE2E4CF0E9433
:106EA000891E85E20E94AC0ACF93DF93FC018081AA
:106EB0009091C001891768F590E0880F991F880F9D
:106EC000991FA091BE01B091BF01A80FB91F8D916C
:106ED0009C91119787599543E1F41296CD91DC91DD
:106EE00084819581A681B78140856485758597FDEC
:106EF00012C050E09A01280F391FED85FE85E21778
:106F0000F30748F00F968C0F9D1FDF91CF910C94E3
:106F100047570E94891E86E20E94AC0A5F926F92D8
:106F20007F928F929F92AF92BF92CF92DF92EF9219
:106F3000FF920F931F93CF93DF9300D00F92CDB7A3
:106F4000DEB78C0169833A01FC0180809180A280C8
:106F5000B380C480D580E680F780FA015190FB832E
:106F6000EA83652D607F0E94F92E0E94974F681971
:106F700079098A099B096C157D058E059F05A8F383
:106F8000652D6295607FC8010E94F92E0E94974F7F
:106F90006B017C01F80180849184A284B384F9811F
:106FA000F13099F16F0E711CEA81FB815080CF01A5
:106FB00001969B838A83652D607FC8010E94F92E0C
:106FC0002FB7F8948091840090918500A091990248
:106FD000B0919A02B09931C02FBF8C199D09AE09AA
:106FE000BF0988159905AA05BB0550F3652D629563
:106FF000607FC8010E94F92E0E94974F6B017C01AF
:10700000EA81FB81E615F70579F6F801C082D182A5
:10701000E282F3820F900F900F90DF91CF911F913A
:107020000F91FF90EF90DF90CF90BF90AF909F9027
:107030008F907F906F905F9008952FBF9F3F69F270
:107040001196CBCF0F931F93CF93DF93EC018881E1
:107050009091C001891738F590E0880F991F880F2B
:10706000991FE091BE01F091BF01E80FF91F8081E7
:107070009181855D9543B9F40281138168EFC80160
:107080000E94F92E6C81611105C0DF91CF911F9193
:107090000F91089548855985C801DF91CF911F91BF
:1070A0000F910C948E370E94891E0F931F93CF93DC
:1070B000DF93EC0188819091C001891738F590E049
:1070C000880F991F880F991FE091BE01F091BF01B1
:1070D000E80FF91F80819181855D9543B9F40281A4
:1070E00013816AEFC8010E94F92E6C81611105C0FD
:1070F000DF91CF911F910F91089548855985C8015F
:10710000DF91CF911F910F910C948E370E94891EB1
:107110008F929F92AF92BF92EF92FF920F931F9325
:10712000CF93DF937C01862FEA01F70140815181E3
:107130006281738184809580A680B7800FEF080FED
:10714000811549F110E00F5F1F4F0C0F1D1F388193
:1071500021962FB7F8948091840090918500A0919A
:107160009902B0919A02B09926C02FBF841B950B4B
:10717000A60BB70B88159905AA05BB0550F3632F1D
:10718000C7010E94932F0E94974F462F572FBC0193
:107190000C171D07E1F6F701408351836283738367
:1071A000DF91CF911F910F91FF90EF90BF90AF9023
:1071B0009F908F9008952FBF9F3FC1F21196D6CF19
:1071C000CF93DF93FC0180819091C001891758F51E
:1071D00090E0880F991F880F991FA091BE01B09170
:1071E000BF01A80FB91F8D919C9111978C559643A3
:1071F000D1F412960D90BC91A02D1996CD91DC91F1
:107200001A971B969C911B978FB7F8942A8190959B
:1072100092239A838FBF408551856481CD01DF9190
:10722000CF910C9488380E94891ECF93DF93FC0184
:1072300080819091C001891740F590E0880F991FD7
:10724000880F991FA091BE01B091BF01A80FB91F6F
:107250008D919C9111978C559643B9F412968D910E
:107260009C91EC01A985BA854B853FB7F89412969D
:107270002C911297242B12962C933FBF4085518559
:107280006481DF91CF910C9488380E94891E9F926F
:10729000AF92BF92CF92DF92EF92FF920F931F9324
:1072A000CF93DF93EC019888CC88DD88EE88FF8847
:1072B00024E0921608F050C088819091C00189178F
:1072C00008F04DC090E0880F991F880F991FE0913A
:1072D000BE01F091BF01E80FF91F808191818C5AA6
:1072E0009E41E9F5A280B3808EE090E00E94C31D2C
:1072F0008C0161E08C810E946C53F8016083718382
:10730000828360E088850E943453F801638374832C
:10731000858360E08C850E943453F801668377830F
:1073200080879586C186D286E386F486F5018581BD
:10733000982F9670911110C011830083826085830D
:10734000DF91CF911F910F91FF90EF90DF90CF9041
:10735000BF90AF909F9008958BE10E94AC0A0E946D
:10736000891EEF92FF920F931F93CF93DF938C01AF
:10737000FC0180819091C001891708F050C090E015
:10738000880F991F880F991FE091BE01F091BF01EE
:10739000E80FF91F80819181805A964209F03FC021
:1073A000E280F38081E190E00E94C31DEC01F801CE
:1073B00084859585A685B7858D879E87AF87B88B91
:1073C0008089880F8C8761E084810E9434536883B0
:1073D00079838A8361E0F80184810E946C536E8313
:1073E0007F83888761E0F80180850E9434536B8336
:1073F0007C838D8361E0F80180850E946C536987EE
:107400007A878B87F701D183C083828181608283F1
:10741000DF91CF911F910F91FF90EF9008950E94FF
:10742000891E8330910591F034F48130910559F033
:10743000029731F008950497E9F78DE10E94AC0AB4
:107440008CE10E94AC0A8FE10E94AC0A8EE10E949E
:10745000AC0A9F92AF92BF92CF92DF92EF92FF92CF
:107460000F931F93CF93DF93FC0180819091C00114
:10747000891708F09FC090E0880F991F880F991F07
:10748000A091BE01B091BF01A80FB91F8D919C9131
:107490001197805A964209F08DC012960D90BC91BA
:1074A000A02DB480C085D18512968C91129780FF53
:1074B0001DC00D911C91F8016485C8010E94CE3059
:1074C0006C01892B09F06AC07E01EB0CF11C07C02E
:1074D0006991C8010E94F02F009709F066C0CE158F
:1074E000DF05B1F7C8010E945D314AC01C910E94BE
:1074F000974F6058774C8E4F9F4F6B017C0184EA09
:107500008093BC00C701B6010E94A3538091B900CB
:10751000482F50E060E070E0803131F04830510594
:107520006105710509F048C01093BB0084E88093A1
:10753000BC00C701B6010E94A353AA24AA94AB0CB5
:10754000B114C9F08E010F5F1F4FA00EB12EB11CF8
:1075500084E8982E02C00F5F1F4FFE01E801808172
:107560008093BB009092BC00C701B6010E94A35358
:10757000A016B10681F784E98093BC00C12CD12C00
:10758000C601DF91CF911F910F91FF90EF90DF9097
:10759000CF90BF90AF909F900C94113A93E0C92E7A
:1075A000D12CC8010E945D31EBCF6C01C8010E9453
:1075B0005D31E6CF0E94891E0E94BF534F925F92B9
:1075C0006F927F92AF92BF92CF92DF92EF92FF9233
:1075D0000F931F93CF93DF93FC01462E3A01522E57
:1075E0005801828180FFBBC0C081D18161115BC124
:1075F0006C856160CE010E94CE307C01892B09F040
:107600007CC10FEF050D511409F4A5C0E985FA8579
:107610008B852FB7F8949281982B318180958323A5
:10762000818392832FBF18E0D12C4D845E846F84B8
:1076300078880E94974F460E571E681E791E0E943A
:10764000974F292F641575058605270927FDF7CF64
:10765000EE81FF8188852FB7F8949281982B318134
:1076600080958323818392832FBF4D845E846F84B2
:1076700078880E94974F460E571E681E791E0E94FA
:10768000974F292F641575058605270927FDF7CF24
:10769000DD0CE985FA8580819B85892391E0811144
:1076A00001C090E0D92AE881F9818A812FB7F89446
:1076B0009181982B328180958323828391832FBF80
:1076C0001A9509F0B2CF01110AC14D845E846F840E
:1076D00078880E94974F460E571E681E791E0E949A
:1076E000974F292F641575058605270927FDF7CFC4
:1076F000EE81FF8188852FB7F8949281982B318194
:1077000080958323818392832FBF4D845E846F8411
:1077100078880E94974F460E571E681E791E0E9459
:10772000974F292F641575058605270927FDF7CF83
:10773000E881F9818A812FB7F8949181982B328161
:1077400080958323828391832FBFF501D1925F01BE
:10775000015008F05BCFCE010E945D3194C00081E2
:107760000E94974F6058774C8E4F9F4F6B017C0162
:1077700084EA8093BC00C701B6010E94A3538091A4
:10778000B900482F50E060E070E0803131F04830BF
:1077900051056105710509F0B4C00093BB0084E890
:1077A0008093BC00C701B6010E94A353CFEFC40D64
:1077B0004114A9F0D0E02196C60DD71D14E8F301BD
:1077C0002FEF621A720A80818093BB001093BC0075
:1077D000C701B6010E94A353C615D70581F784EAF5
:1077E0008093BC00C701B6010E94A3538091B900E9
:1077F000482F50E060E070E0803131F048305105B2
:107800006105710509F07DC001600093BB0084E84B
:107810008093BC00C701B6010E94A35366246A94FA
:10782000650C511459F100E010E06114D1F0062DFF
:1078300010E06A0C7B2C711C9A2D8B2D24EC522E9F
:10784000C92FD82F5092BC00C701B6010E94A35384
:107850008091BB008993C615D70519F09C2F8D2FF9
:10786000EFCF84E88093BC00C701B6010E94A35308
:107870008091BB00F501E00FF11F808384E98093C4
:10788000BC00E12CF12CC701DF91CF911F910F912A
:10789000FF90EF90DF90CF90BF90AF907F906F9070
:1078A0005F904F9008956C85CE010E94CE3033E0FA
:1078B000E32EF12C892B09F04ECF8301040D111D0D
:1078C0000AC0F30161913F01CE010E94F02F7C01BB
:1078D000892B09F040CF6016710699F789CEEB81AC
:1078E000FC818D812FB7F8949181982B32818095FE
:1078F0008323828391832FBFE8CE44E0E42EF12CD2
:107900002ACF0E94BF53CF92DF92EF92FF920F9344
:107910001F93CF93DF9300D0CDB7DEB7FC018DB7B7
:107920009EB79A838983C0808091C001C81608F0F1
:1079300050C08C2D90E0880F991F880F991FA0913F
:10794000BE01B091BF01A80FB91F8D919C911197F5
:10795000805A9642F1F5648140855185D4848DB773
:107960009EB78D1991090FB6F8949EBF0FBE8DBFBB
:1079700001967C018C012D2D12968D919C910E9477
:10798000DE3A0E94113AFF92EF921F92DF921F920D
:10799000CF9286EC9DE09F938F930E948E0C8DB7C3
:1079A0009EB708960FB6F8949EBF0FBE8DBF898113
:1079B0009A810FB6F8949EBF0FBE8DBF0F900F90A7
:1079C000DF91CF911F910F91FF90EF90DF90CF90BB
:1079D00008950E94891EFC01868581608687109229
:1079E000260181E08093B70180E00895FC0187853E
:1079F000816087871092260181E08093B80180E042
:107A00000895FC01868580FF06C0218932892F5F99
:107A10003F4F328B218B81FF0EC0DF01A95BBF4F2F
:107A20000D90BC91A02D9C91DF01A75BBF4F2C91C5
:107A30009223911107C0816086871092260181E010
:107A40008093B90184819581A681B7814085518554
:107A500062857385840F951FA61FB71F8483958346
:107A6000A683B78381E00895FC0182898160828BBF
:107A70001092260181E08093BA0180E00895FC0114
:107A800082898160828B1092260181E08093BB0104
:107A900080E00895FC014285538564857585818564
:107AA00080FF1DC0828D938D0196938F828F83E01E
:107AB0008187440F551F661F771F440F551F661F90
:107AC000771F84819581A681B781840F951FA61F9A
:107AD000B71F84839583A683B78381E00895A28925
:107AE000B3898C91948989238111EBCF81E08187BF
:107AF000109226018093BC01440F551F661F771F0B
:107B0000440F551F661F771F440F551F661F771FB1
:107B1000D8CFFC01408551856285738581898115A7
:107B2000D9F0848995890196958B848B440F551FD4
:107B3000661F771F440F551F661F771F848195812D
:107B4000A681B781840F951FA61FB71F84839583D5
:107B5000A683B78381E00895A485B5858C91968529
:107B600089238111EBCF81E0818B109226018093D4
:107B7000BD01440F551F661F771F440F551F661F19
:107B8000771F440F551F661F771FD8CFFC01408514
:107B900051856285738585898115D9F0858D968D8E
:107BA0000196968F858F440F551F661F771F440FD0
:107BB000551F661F771F84819581A681B781840F29
:107BC000951FA61FB71F84839583A683B78381E083
:107BD0000895A089B1898C91928989238111EBCF75
:107BE00081E0858B109226018093C101440F551FBF
:107BF000661F771F440F551F661F771F440F551FC1
:107C0000661F771FD8CFCF93FC01C4818CE1C89F3A
:107C1000A0011124485F5F4F63E07EE380810E94F2
:107C2000021EFC01C0831382CF910895CF93DF938E
:107C3000EC0147E450E066E17EE388810E94021E89
:107C4000FC018BEE9CE3938382838C819091C00135
:107C50008917C8F490E0880F991F880F991FA09189
:107C6000BE01B091BF01A80FB91F8D919C911197D2
:107C70008C5A9E4141F412968D919C9195878487F0
:107C8000DF91CF9108950E94891ECF93DF93EC017D
:107C900047E550E065E47EE388810E94021EFC0116
:107CA00081E09DE3938382838C819091C001891749
:107CB000C8F490E0880F991F880F991FA091BE010A
:107CC000B091BF01A80FB91F8D919C911197805A57
:107CD000964241F412968D919C9195878487DF910D
:107CE000CF9108950E94891ECF93DC01EC91C09141
:107CF000C001EC1708F063C02091BE013091BF01B4
:107D0000F0E0EE0FFF1FEE0FFF1FE20FF31F808169
:107D1000918185549E4309F052C0828193811896C7
:107D20004D915D916D917C911B97FC01E15BFF4F43
:107D30004083518362837383452B462B472B51F439
:107D400035971182108220E0FC01E45BFF4F208315
:107D5000CF91089514964D915D916D917C911797F7
:107D6000FC01ED5AFF4F40835183628373831C965D
:107D70004C911C974C1718F550E0440F551F440FB9
:107D8000551FF901E40FF51F208131812F52364232
:107D9000B1F422813381FC01E65BFF4F3183208304
:107DA00050962C9150973396219354962C91208382
:107DB00026E0FC01E45BFF4F2083CF9108950E94F1
:107DC000891ECF93DF93EC014BE450E061EE7EE33C
:107DD00088810E94021EFC0184E39DE393838283D9
:107DE0008C819091C0018917C8F490E0880F991F89
:107DF000880F991FA091BE01B091BF01A80FB91FB4
:107E00008D919C911197805A964241F412968D91D2
:107E10009C9195878487DF91CF9108950E94891E58
:107E2000CF93DF93EC014BE450E060E17FE3888186
:107E30000E94021EFC018FE39DE3938382838C8169
:107E40009091C0018917C8F490E0880F991F880F9E
:107E5000991FA091BE01B091BF01A80FB91F8D91CC
:107E60009C911197805A964241F412968D919C9163
:107E700095878487DF91CF9108950E94891EDC0148
:107E8000EC919091C001E91758F52091BE01309115
:107E9000BF01F0E0EE0FFF1FEE0FFF1FE20FF31F19
:107EA000408151814A585C44D9F4428153811496EF
:107EB0008C918917A8F490E0880F991F880F991F5B
:107EC000F901E80FF91F80819181885D9F4341F49A
:107ED000DA01A05BBF4F828193818D939C930895BB
:107EE0000E94891EDC01EC919091C001E91758F5C0
:107EF0002091BE013091BF01F0E0EE0FFF1FEE0FA9
:107F0000FF1FE20FF31F408151814B5E5B44D9F4A8
:107F10004281538114968C918917A8F490E0880FC0
:107F2000991F880F991FF901E80FF91F808191812E
:107F3000885D9F4341F4DA01A65BBF4F8281938144
:107F40008D939C9308950E94891EDC01EC91909181
:107F5000C001E91758F52091BE013091BF01F0E052
:107F6000EE0FFF1FEE0FFF1FE20FF31F4081518145
:107F700047525C44D9F44281538114968C918917FD
:107F8000A8F490E0880F991F880F991FF901E80F56
:107F9000F91F80819181885D9F4341F4DA01AD5AD8
:107FA000BF4F828193818D939C9308950E94891E77
:107FB000CF93DF93EC0149E350E068ED7FE38881E4
:107FC0000E94021EFC0112A61486158616861786CC
:107FD00015A616A68C819091C001891788F590E0AE
:107FE000880F991F880F991FA091BE01B091BF0102
:107FF000A80FB91F8D919C91119783509E4301F555
:1080000012968D919C9190AF87AB168E178E10A211
:1080100011A212A213A214A215A216A217A210A6B0
:1080200011A6108611861286138617A610AA11AA09
:1080300012AA13AA14AA15AA16AADF91CF9108951D
:108040000E94891E1F93CF93DF93EC011885143093
:1080500070F54AE150E062E270E488810E94021EFD
:10806000FC0188EB91E3938382838C819091C00122
:108070008917D8F490E0880F991F880F991FA09155
:10808000BE01B091BF01A80FB91F8D919C911197AE
:108090008C5A9E4151F412968D919C91958B848BB4
:1080A000108FDF91CF911F9108950E94891E89E260
:1080B0000E94AC0ACF93DF93EC014AE450E06AE5FA
:1080C00070E488810E94021EFC0186EF9CE393838A
:1080D000828388859985AA85BB850097A105B1050E
:1080E00081F10197A105B10509F048C08C819091FB
:1080F000C001891708F045C090E0880F991F880FCC
:10810000991FA091BE01B091BF01A80FB91F8D9119
:108110009C911197805A9642A1F512968D919C914F
:108120009587848781E086878C859D85AE85BF8510
:1081300082309105A105B10530F5808BDF91CF919B
:1081400008958C819091C0018917D8F490E0880F30
:10815000991F880F991FA091BE01B091BF01A80F70
:10816000B91F8D919C9111978C5A9E4151F4129692
:108170008D919C919587848780E0D5CF8BE20E947A
:10818000AC0A0E94891E8AE20E94AC0A81E30E9426
:10819000AC0ACF93DF93EC0188819091C0018917DD
:1081A00088F590E0880F991F880F991FE091BE0114
:1081B000F091BF01E80FF91F8081918183509E43A8
:1081C00009F582819381FC011382AC8120812A17F9
:1081D000D8F0FE0138969C014CE1A49F200D311D82
:1081E0001124D90118966C96419151916191719128
:1081F0004D935D936D937D93EC17FD07A9F7DF9188
:10820000CF9108950E94891E0E94C640CF93DF93AC
:10821000FC0180819091C001891708F041C090E075
:10822000880F991F880F991FA091BE01B091BF01BF
:10823000A80FB91F8D919C91119783509E4381F592
:1082400012960D90BC91A02D13961C9213979481B9
:108250008C91891738F1292F30E02F5F3F4F8CE147
:10826000829FE001839FD00D1124CA0FDB1F408540
:10827000518562857385488359836A837B83899F8F
:10828000A00DB11D1124448555856685778590968E
:108290004D935D936D937C939397DF91CF91089568
:1082A0000E94891E0E94C640FC0180819091C001FD
:1082B0008917C8F590E0880F991F880F991FA09122
:1082C000BE01B091BF01A80FB91F8D919C9111976C
:1082D00083509E4341F512960D90BC91A02D848150
:1082E0009C91981710F111968C93119790858FE1BE
:1082F000891B12968C9312978150990B41E050E0A4
:1083000002C0440F551F8A95E2F7052E000C660B3C
:10831000770B14964D935D936D937C93179781E043
:1083200013968C9308950E94891E0E94C6402F9236
:108330003F924F925F926F927F928F929F92AF92F5
:10834000BF92CF92DF92EF92FF920F931F93CF9342
:10835000DF9300D000D0CDB7DEB7FC0180819091D3
:10836000C001891708F09CC090E0880F991F880F02
:10837000991FA091BE01B091BF01A80FB91F8D91A7
:108380009C911197885D9F4309F08AC012960D90C9
:10839000BC91A02D04891589268937894089518986
:1083A00062897389C484D584E684F7842480358007
:1083B00086818C83B780BB8290858185B284B982A7
:1083C000B384BA8280849184A284B384448055802B
:1083D0006680778084149504A604B7040CF468C002
:1083E00041155105E1E06E07710508F05EC0011509
:1083F00011052105E0E23E0708F054C05E962C927C
:108400005E975F963C925F97BC809096BC929097E7
:10841000EB819196EC93919792969C939297939679
:108420008C939397B9809496BC9294978A819596F1
:108430008C9395979696CD92DD92ED92FC929997BA
:1084400018964D935D936D937C931B978FE0440F2B
:10845000551F661F771F8A95D1F79F964D935D93A1
:108460006D937C93D297D3960D931D932D933C934C
:10847000D6970F900F900F900F90DF91CF911F9193
:108480000F91FF90EF90DF90CF90BF90AF909F90B3
:108490008F907F906F905F904F903F902F900895B6
:1084A0000E94891E84E30E94AC0A85E30E94AC0A04
:1084B00086E30E94AC0A0F931F93CF93DF93EC01E6
:1084C00088819091C001891708F049C090E0880F19
:1084D000991F880F991FE091BE01F091BF01E80F2D
:1084E000F91F8081918182529044C9F502811381E4
:1084F000C8010E94590A8C819D81AE81BF81F8011B
:1085000084839583A683B78388859985AA85BB854F
:1085100080879187A287B387892B8A2B8B2B29F49D
:10852000DF91CF911F910F9108958C859D85AE8528
:10853000BF8584879587A687B78788899989AA89FF
:10854000BB89808B918BA28BB38B8C89868B178A8E
:10855000C801DF91CF911F910F910C94B60A0E9430
:10856000891E0F931F93CF93DF938C01FC018081B1
:108570009091C001891708F074C090E0880F991F8E
:10858000880F991FE091BE01F091BF01E80FF91F1C
:1085900080819181885D9F4309F063C0C281D3814E
:1085A000CE010E94590A8AA58C7F8AA71C861D8647
:1085B0001E861F861D8E1C8EF80144855585668596
:1085C0007785411551056105710529F4DF91CF913A
:1085D0001F910F91089524819091C001291708F0EF
:1085E00040C030E0220F331F220F331FE091BE0145
:1085F000F091BF01E20FF31F208131812F523642EB
:1086000081F5228133813D8F2C8FF80190859BA7C6
:108610004CA740895189628973894C835D836E833D
:108620007F834089518962897389488F598F6A8F06
:108630007B8F44895589668977894C8B5D8B6E8BDE
:108640007F8B908D9DA71EA622EC3CE43B832A8362
:1086500085608AA7CE01DF91CF911F910F910C9475
:10866000B60A0E94891E8F929F92AF92BF92CF92BC
:10867000EF920F931F93CF93DF93EC0148015901C1
:108680001F92EF92BF922F939F920F937F936F93BE
:108690005F934F931F92CF9288EA9DE09F938F93B1
:1086A0000E948E0C8E892DB73EB7225F3F4F0FB6CA
:1086B000F8943EBF0FBE2DBF811561F0E114A9F003
:1086C0009F899F5F9F8B981728F0809128018115C3
:1086D00001F11F8ADF91CF911F910F91EF90CF9001
:1086E000BF90AF909F908F9008954C855D856E856B
:1086F0007F8584169506A606B70610F34889598922
:108700006A897B89481559056A057B05C8F21F8A65
:10871000E1CF88E20E94AC0AFC01208131814281D4
:1087200053818091C0012817C0F5822F90E0880FF7
:10873000991F880F991FE091BE01F091BF01E80FCA
:10874000F91F8081918185549E4339F582819381FF
:10875000FC01ED5AFF4F63816F9362816F936181DA
:108760006F9360816F933797808182FB882780F9B0
:108770001F928F935F934F933F932F9382EA9DE0D5
:108780009F938F930E948E0C8DB79EB70C960FB659
:10879000F8949EBF0FBE8DBF08950E94891EFC01F4
:1087A00090818091C001981790F5292F30E0220F19
:1087B000331F220F331FE091BE01F091BF01E20F82
:1087C000F31F20813181285D3F4309F50280F38149
:1087D000E02D87858F9386858F9385858F938485FC
:1087E0008F9382A5869581701F928F931F929F937E
:1087F00080E99DE09F938F930E948E0CEDB7FEB7AA
:108800003A960FB6F894FEBF0FBEEDBF08950E94D2
:10881000891E0F931F93CF93DF938C01FC018081FE
:108820009091C001891708F042C090E0880F991F0D
:10883000880F991FE091BE01F091BF01E80FF91F69
:108840008081918186519E4391F5C281D381CE0171
:108850000E94590A1E86F80184819581A681B781FC
:108860000097A105B105F1F088879987AA87BB8792
:10887000188A1F861A8A198A1B8AF8940E94974FB1
:10888000088519852A853B85DC01CB01800F911F66
:10889000A21FB31F8C839D83AE83BF83CE010E9432
:1088A000B60A7894DF91CF911F910F9108950E949D
:1088B000891E8F929F92AF92BF92EF92FF920F9379
:1088C0001F93CF93DF9300D0CDB7DEB78C01FC01AF
:1088D00080819091C001891708F073C090E0880FE3
:1088E000991F880F991FE091BE01F091BF01E80F19
:1088F000F91F8081918186519E4309F062C0E28018
:10890000F38089EB90E09A8389830E94974F4B0113
:108910005C019E012F5F3F4F42E061E0F7018485DB
:1089200095850E94452A0E94974F462F572FBC01DC
:108930008A818F778132C0F5F70192899F9391895F
:108940009F9390E09C01220F331F220F331F280FAB
:10895000391F838990E0A0E0B0E0820F931FA11D32
:10896000B11DBF93AF939F938F9380898F9387851A
:108970008F93481959096A097B097F936F935F9315
:108980004F93BF92AF929F928F92F80180811F9276
:108990008F938CE99DE09F938F930E948E0C0FB66E
:1089A000F894DEBF0FBECDBF0F900F90DF91CF9137
:1089B0001F910F91FF90EF90BF90AF909F908F907D
:1089C00008950E94891E0F931F93CF93DF938C010C
:1089D000FC0180819091C001891708F043C090E0AC
:1089E000880F991F880F991FE091BE01F091BF0178
:1089F000E80FF91F808191818A55904499F5C281D1
:108A0000D381CE010E94590A1F86F8018481958185
:108A1000A681B7810097A105B105F9F088879987EC
:108A2000AA87BB87198A1B8A1A8A1D8A1C8A1E8AF2
:108A3000F8940E94974F088519852A853B85DC01AB
:108A4000CB01800F911FA21FB31F8C839D83AE8328
:108A5000BF83CE010E94B60A7894DF91CF911F9117
:108A60000F9108950E94891E0F931F93CF93DF9358
:108A70008C01FC0180819091C001891708F044C0ED
:108A800090E0880F991F880F991FE091BE01F09127
:108A9000BF01E80FF91F8081918185549E43A1F5A4
:108AA000C281D381CE010E94590A8E858E7F8E8726
:108AB000F80184819581A681B7810097A105B10550
:108AC000F1F088879987AA87BB87188A1F861A8A38
:108AD000198A1B8AF8940E94974F088519852A8560
:108AE0003B85DC01CB01800F911FA21FB31F8C833C
:108AF0009D83AE83BF83CE010E94B60A7894DF9136
:108B0000CF911F910F9108950E94891E0F931F937B
:108B1000CF93DF938C01FC0180819091C001891774
:108B200008F046C090E0880F991F880F991FE091C8
:108B3000BE01F091BF01E80FF91F80819181805142
:108B40009F43B1F5C281D381CE010E94590A1A8A8E
:108B5000F80184819581A681B7810097A105B105AF
:108B600011F188879987AA87BB871C8A1B8A1E8A6E
:108B70001D8A1F8A1F861E86198A188AF8940E94E9
:108B8000974F088519852A853B85DC01CB01800F2D
:108B9000911FA21FB31F8C839D83AE83BF83CE0121
:108BA0000E94B60A7894DF91CF911F910F9108959A
:108BB0000E94891E0F931F93CF93DF938C01FC01BA
:108BC00080819091C001891708F046C090E0880F1D
:108BD000991F880F991FE091BE01F091BF01E80F26
:108BE000F91F80819181815E9E43B1F5C281D3815D
:108BF000CE010E94590A1A8AF80184819581A681C2
:108C0000B7810097A105B10511F188879987AA87D7
:108C1000BB871C8A1B8A1E8A1D8A1F8A1F861E8686
:108C2000198A188AF8940E94974F088519852A8511
:108C30003B85DC01CB01800F911FA21FB31F8C83EA
:108C40009D83AE83BF83CE010E94B60A7894DF91E4
:108C5000CF911F910F9108950E94891E0F931F932A
:108C6000CF93DF938C01FC0180819091C001891723
:108C700008F05CC090E0880F991F880F991FE09161
:108C8000BE01F091BF01E80FF91F808191818A58E0
:108C90009C4409F04BC0C281D381CE010E94590A85
:108CA00019861E861F86188A198AF8014481558103
:108CB000668177814A875B876C877D87ED89FE892E
:108CC0008F89452B462B472B31F19FB7F894228192
:108CD0008095822382839FBF198E188E1B8E1A8ED9
:108CE0001C8EF8940E94974F0A851B852C853D8524
:108CF000DC01CB01800F911FA21FB31F8C839D83CA
:108D0000AE83BF83CE010E94B60A7894DF91CF91E3
:108D10001F910F9108952FB7F8949281892B828328
:108D20002FBFDF91CF911F910F9108950E94891E4F
:108D30001F93CF93DF93FC0110818091C00118171E
:108D400008F054C0812F90E0880F991F880F991F59
:108D5000E091BE01F091BF01E80FF91F8081918180
:108D60008A589C4409F042C0C281D381F8940E9481
:108D7000974F362FE72FAA89BB894C912C89422324
:108D800078942B8D2F932A8D2F9321E0411120E091
:108D9000220F220F4C8D50E060E070E0420F511D19
:108DA000611D711D7F936F935F934F93298D2F9357
:108DB000288D2F931F921F921F921F929F938F9324
:108DC000EF933F931F921F938CE99DE09F938F93A6
:108DD0000E948E0C8DB79EB744960FB6F8949EBF36
:108DE0000FBE8DBFDF91CF911F9108950E94891E04
:108DF0000F931F93CF93DF938C01FC01808190919F
:108E0000C001891708F042C090E0880F991F880FB1
:108E1000991FE091BE01F091BF01E80FF91F808119
:108E200091818B5E9B4491F5C281D381CE010E94DA
:108E3000590A198AF80184819581A681B7818887AA
:108E40009987AA87BB87892B8A2B8B2BD1F01B8A0A
:108E50001A8A1D8A1C8A1E8AF8940E94974F0885D8
:108E600019852A853B85DC01CB01800F911FA21F4C
:108E7000B31F8C839D83AE83BF83CE010E94B60A4D
:108E80007894DF91CF911F910F9108950E94891ED0
:108E90001F93CF93DF93FC0110818091C0011817BD
:108EA00008F054C0812F90E0880F991F880F991FF8
:108EB000E091BE01F091BF01E80FF91F808191811F
:108EC0008B5E9B4409F042C0C281D381F8940E941A
:108ED000974F362FE72FAC85BD854C912E854223C9
:108EE00078942D892F932C892F9321E0411120E034
:108EF000220F220F4E8950E060E070E0420F511DBA
:108F0000611D711D7F936F935F934F932B892F93F7
:108F10002A892F931F921F921F921F929F938F93C4
:108F2000EF933F931F921F938CE99DE09F938F9344
:108F30000E948E0C8DB79EB744960FB6F8949EBFD4
:108F40000FBE8DBFDF91CF911F9108950E94891EA2
:108F50000F931F93CF93DF938C01FC01808190913D
:108F6000C001891708F046C090E0880F991F880F4C
:108F7000991FE091BE01F091BF01E80FF91F8081B8
:108F8000918187529C44B1F5C281D381CE010E9468
:108F9000590A1D8AF80184819581A681B781888745
:108FA0009987AA87BB87892B8A2B8B2BF1F01C868C
:108FB0001D861E861F861C8E1B8E1E8E1D8E1F8E6E
:108FC000F8940E94974F088519852A853B85DC0116
:108FD000CB01800F911FA21FB31F8C839D83AE8393
:108FE000BF83CE010E94B60A7894DF91CF911F9182
:108FF0000F9108950E94891E1F93CF93DF93FC0168
:1090000010818091C001181708F055C0812F90E0A1
:10901000880F991F880F991FE091BE01F091BF0141
:10902000E80FF91F8081918187529C4409F043C069
:10903000C281D381F8940E94974F9B01E889F989F6
:1090400040815A8945237894411131C0498D50E0BF
:1090500060E070E0EE8DEF93ED8DEF93EF8D4E0FAE
:10906000511D611D711D7F936F935F934F934C8DC5
:109070004F934B8D4F931F921F921F921F929F935E
:109080008F933F932F931F921F938CE99DE09F93A3
:109090008F930E948E0C8DB79EB744960FB6F894AE
:1090A0009EBF0FBE8DBFDF91CF911F91089540E00D
:1090B00050E0BA01CFCF0E94891E4F925F926F920B
:1090C0007F928F929F92AF92BF92CF92DF92EF9258
:1090D000FF920F931F93CF93DF9300D00F92CDB7E2
:1090E000DEB76C01DC01FC918091C001F81708F03B
:1090F000CFC08F2F90E0880F991F880F991FA091E4
:10910000BE01B091BF01A80FB91F8D919C9111971D
:109110008A55904409F0BCC01296ED90FC901B82D9
:10912000D7011E968C911E97811509F45DC0813080
:1091300009F490C054962D913C91559750968C917E
:1091400040E0812C912C5401412C512C3201813072
:1091500009F47EC04F73E42FEE0FE40FEE0F4E2F95
:1091600050E060E070E0D7015196EC9351973F9347
:109170002F9356962C915697420F511D611D711DCC
:109180007F936F935F934F9353962C9153972F93A5
:1091900052962C912F937F926F925F924F92BF9233
:1091A000AF929F928F921F92FF938CE99DE09F93C5
:1091B0008F930E948E0C0FB6F894DEBF0FBECDBF0A
:1091C0000F900F900F90DF91CF911F910F91FF9013
:1091D000EF90DF90CF90BF90AF909F908F907F9057
:1091E0006F905F904F9008958FEA90E09A83898303
:1091F0000E94974F4B015C019E012F5F3F4F42E061
:1092000061E0F701848595850E94452A0E94974F69
:109210002B013C014A814B83F70124893589481889
:1092200059086A087B0846FF04C02F5F3F4F358B03
:10923000248BD601FC91D70150965C91513009F0F6
:1092400089CF45FF05C040E050E0BA01E0E08BCF98
:109250004F7181CF8FE289830E94974F4B015C0150
:109260008E010D5F1F4F21E0AE014F5F5F4F61E048
:10927000D7011C968D919C910E94DE3A8C010E9430
:10928000974F2B013C01C8010E94113A4B81C4CF7A
:109290000E94891E8F929F92AF92BF92CF92DF92CF
:1092A000EF92FF920F931F93CF93DF9300D00F9213
:1092B000CDB7DEB76C01DC018C919091C0018917AC
:1092C00008F0CFC090E0880F991F880F991FE09198
:1092D000BE01F091BF01E80FF91F80819181855493
:1092E0009E4309F0BEC0E280F380F701868581FDD0
:1092F00062C00E94974F4B015C0188E18B838E0115
:109300000F5F1F4F22E0AE014D5F5F4F61E0D7015D
:109310001C968D919C910E94DE3A0E94113A09811F
:109320001A811027012710270E94974FAB01BC011B
:10933000F70182898F9381898F9306950470112795
:10934000838990E0A0E0B0E0800F911FA11DB11DC6
:10935000BF93AF939F938F9380898F9387858F93CC
:10936000481959096A097B097F936F935F934F935B
:10937000BF92AF929F928F92D6018C911F928F9342
:109380008CE99DE09F938F930E948E0C0FB6F8940A
:10939000DEBF0FBECDBF0F900F900F90DF91CF912A
:1093A0001F910F91FF90EF90DF90CF90BF90AF9003
:1093B0009F908F900895F8940E94974F9B01F7011A
:1093C000E95BFF4F0190F081E02DE081D701A75BC1
:1093D000BF4F4C91E4237894D70152964C91529709
:1093E0004F9351964C914F9341E050E060E070E014
:1093F000E11133C0440F551F661F771F440F551FDF
:10940000661F771FD7015396EC9153974E0F511D4E
:10941000611D711D7F936F935F934F9350964C9195
:1094200050974F931F964C914F931F921F921F92EC
:109430001F929F938F933F932F93F60180811F92EA
:109440008F938CE99DE09F938F930E948E0C0FB6B3
:10945000F894DEBF0FBECDBF9ECF40E050E0BA0112
:10946000C9CF0E94891E8F929F92AF92BF92CF92D6
:10947000DF92EF92FF920F931F93CF93DF9300D071
:1094800000D00F92CDB7DEB74C01FC0180819091E6
:10949000C001891708F093C090E0880F991F880FCA
:1094A000991FE091BE01F091BF01E80FF91F808183
:1094B0009181815E9E4309F082C0A280B3808AE3DD
:1094C0008B838E010C5F1F4F21E0AE014D5F5F4F1C
:1094D00061E0F501848595850E94DE3A0E94113A8B
:1094E0008C8184FF06C0F501858996890196968B4B
:1094F000858B82E78D830E94974F6B017C018E01E3
:109500000F5F1F4F22E0AE014B5F5F4F61E0F5013F
:10951000848595850E94DE3A0E94113A0E94974FF9
:10952000AB01BC01F50186898F9385898F93898171
:1095300090E0982F882788279F712A81FC01E22BD1
:109540009F01F501878990E0A0E0B0E0820F931FB2
:10955000A11DB11DBF93AF939F938F9384898F9368
:1095600083898F934C195D096E097F097F936F93EF
:109570005F934F93FF92EF92DF92CF92F40180813D
:109580001F928F938CE99DE09F938F930E948E0C86
:109590000FB6F894DEBF0FBECDBF0F900F900F90A7
:1095A0000F900F90DF91CF911F910F91FF90EF904F
:1095B000DF90CF90BF90AF909F908F9008950E94C2
:1095C000891E8F929F92AF92BF92CF92DF92EF92BD
:1095D000FF920F931F93CF93DF9300D000D00F9291
:1095E000CDB7DEB74C01FC0180819091C001891795
:1095F00008F094C090E0880F991F880F991FE091A0
:10960000BE01F091BF01E80FF91F80819181805167
:109610009F4309F083C0A280B3808BE18B838E01CE
:109620000C5F1F4F21E0AE014D5F5F4F61E0F50120
:10963000848595850E94DE3A0E94113A8C818F7054
:10964000811531F0F501858996890196968B858B78
:1096500080E78D830E94974F6B017C018E010F5F25
:109660001F4F22E0AE014B5F5F4F61E0F501848543
:1096700095850E94DE3A0E94113A0E94974FAB01F5
:10968000BC01F50186898F9385898F93898190E04C
:10969000982F882788279F712A81FC01E22B9F0140
:1096A000F501878990E0A0E0B0E0820F931FA11D33
:1096B000B11DBF93AF939F938F9384898F938389B9
:1096C0008F934C195D096E097F097F936F935F93A8
:1096D0004F93FF92EF92DF92CF92F40180811F921D
:1096E0008F938CE99DE09F938F930E948E0C0FB611
:1096F000F894DEBF0FBECDBF0F900F900F900F906C
:109700000F90DF91CF911F910F91FF90EF90DF901D
:10971000CF90BF90AF909F908F9008950E94891E28
:10972000EF92FF920F931F93CF93DF93EC0147E5E6
:1097300050E065E47EE388810E94021EDC0181E046
:109740009DE313969C938E931297EC819091C001A8
:10975000E91708F03EC02091BE013091BF01F0E052
:10976000EE0FFF1FEE0FFF1FE20FF31F408151812D
:10977000405A564271F5428153811D965C934E9337
:109780001C978881891728F590E0880F991F880F0A
:10979000991FF901E80FF91F8081918185549E433B
:1097A000C1F402811381780187E4E80EF11C61E0C5
:1097B00088850E946C53F70160837183828382E005
:1097C000F8018687DF91CF911F910F91FF90EF9065
:1097D00008950E94891E0F931F93CF93DF938C01EE
:1097E0004CE450E06BEE7BE4FC0180810E94021EA1
:1097F000EC0189E89DE39B838A83198AF8018481BF
:109800009091C001891708F590E0880F991F880F83
:10981000991FE091BE01F091BF01E80FF91F80810F
:1098200091818C5A9E4189F482819381988B8F8794
:1098300060E0F80180850E946C536C877D878E877D
:10984000DF91CF911F910F9108950E94891E0F9370
:109850001F93CF93DF938C0145E550E067E27CE4F2
:10986000FC0180810E94021EEC0186EC9DE39B833B
:109870008A831D8AF80184819091C001891708F0BC
:1098800041C090E0880F991F880F991FE091BE0199
:10989000F091BF01E80FF91F808191818C5A9E41A0
:1098A00089F5828193819C8B8B8B60E0F8018085A8
:1098B0000E946C53688B798B8A8BF80124852E8BE0
:1098C00080898F8B9FEF920F943008F58115E1F01E
:1098D00090E0AC01022E02C0559547950A94E2F73C
:1098E000452B91F40E944C56888F880F880F898FE2
:1098F000822F880F820F8A5F8A8FDF91CF911F910D
:109900000F9108950E94891E8FE20E94AC0A80E3A5
:109910000E94AC0A0F931F93CF93DF938C0142E513
:1099200050E06AE87CE4FC0180810E94021EEC01A8
:109930008AE49DE39B838A83F80184819FEF980FDB
:109940009430E8F4888761E080850E946C536A8BCC
:109950007B8B8C8B60E0F80184850E943453FB0183
:10996000982F6D8B7E8B8F8B2FB7F8948281892BEC
:1099700082832FBFDF91CF911F910F9108958EE2C7
:109980000E94AC0A1F93CF93DF93EC018AA5182F96
:10999000117080FF18C081FD1BC08EA59DA5981772
:1099A000E8F08F5F8EA78C819D81AE81BF814C894D
:1099B0005D896E897F89840F951FA61FB71F8C83D1
:1099C0009D83AE83BF83812FDF91CF911F91089537
:1099D00010E0812FDF91CF911F9108956CA56E5FEC
:1099E0008C8D9D8D0E9450298EA5DBCF2F923F92AA
:1099F0004F925F926F927F928F929F92AF92BF929F
:109A0000CF92DF92EF92FF920F931F93CF93DF934A
:109A1000CDB7DEB728970FB6F894DEBF0FBECDBF27
:109A2000FF24FA949091C0014091BE015091BF0172
:109A300088248394912C77E0D72EECE02E2E312CC5
:109A400081E08F0DE82FF0E0EE0FFF1FEE0FFF1FFC
:109A5000E40FF51F0AC0BF016C5F7F4F2081318189
:109A600022523044F1F0FB018F5FF82E891798F3F2
:109A700028960FB6F894DEBF0FBECDBFDF91CF9111
:109A80001F910F91FF90EF90DF90CF90BF90AF901C
:109A90009F908F907F906F905F904F903F902F900E
:109AA0000895A280B380A114B10411F3F501818D52
:109AB00080FFC6CFF8944480558066807780818D82
:109AC0008E7F818F7894808D823009F453C0D0F5D9
:109AD000811509F486C03A8229821C821B829E016C
:109AE0002F5F3F4F44E061E0848995890E94452AB9
:109AF00069817A818B819C810E9466566D837E8309
:109B00008F839887FFE0F9831A829E012F5F3F4F72
:109B100042E061E0F501848995890E94452A0D8122
:109B20001E812F8138853327CF2CEA80B301A20113
:109B3000C5010E9433439091C0014091BE015091F4
:109B4000BF017ECF8330B9F71A8219829E012F5F41
:109B50003F4F42E061E0848995890E94452A8981CE
:109B60009A81182F092FF92FF670EF2E20E030E0A0
:109B7000CF2CDCCF9A8289821C821B829E012F5FB0
:109B80003F4F43E061E0848995890E94452A6981BD
:109B90007A818B819C810E946656672F782F892F4E
:109BA00099279B01AC01442755272D833E834F8382
:109BB0005887D9821A829E012F5F3F4F42E061E0B1
:109BC000F501848995890E94452A8A818C7F9D812F
:109BD0009170E82EE92ACF2C0D811E812F813885C6
:109BE000A5CF1A8219821C821B829E012F5F3F4FD4
:109BF00044E061E0848995890E94452A69817A81DF
:109C00008B814C81942F0E9466568B019C0147707A
:109C1000E42ECF2C8BCFCF92DF92EF92FF920F9357
:109C20001F93CF93DF93CDB7DEB729970FB6F89484
:109C3000DEBF0FBECDBF8C01F62E82EF90E09A837F
:109C40008983FE01339687E0DF011D928A95E9F74B
:109C50009E012F5F3F4F49E061E0F80184859585C3
:109C60000E94452AD80153968C9190E0FC0174968D
:109C7000E00FF11F2B81203108F444C0322F307FD8
:109C8000303F09F43FC02FEF2483238322832183B5
:109C9000800F911FFC01248BD80153968C91539710
:109CA0008B5F53968C938F3208F068C0F8018685DD
:109CB0008E7F8687F8940E94974FD8011896CD9092
:109CC000DD90ED90FC901B97DC01CB018C0D9D1D70
:109CD000AE1DBF1DF80184839583A683B783C80199
:109CE0000E94B60A789429960FB6F894DEBF0FBE8C
:109CF000CDBFDF91CF911F910F91FF90EF90DF903B
:109D0000CF9008953D81303198F54F81403128F052
:109D1000542F507F503F09F0B6CF5885503909F085
:109D2000B2CF5985E52EE894E7F8B1E2EB1608F0DA
:109D3000AACF800F911F5A81DC0154965C938C81CD
:109D400081838E8182832F71842F8295880F807EFC
:109D5000822B8383440F440F40763F71842F832BE3
:109D60008483F80183898B5F838B8F3258F107C01E
:109D7000432F407F403F09F086CFC7CFE12C9801A9
:109D80002C5E3F4F3F932F931F928F93D801509695
:109D90008C9150978F931F968C918F931F92FF9267
:109DA00086E99DE09F938F930E948E0CF801138AA1
:109DB000878590890196908B87870FB6F894DEBFD0
:109DC0000FBECDBF9FE1E91680F0D80151968D916D
:109DD0009C915297019652969C938E935197109214
:109DE000260181E08093B7017ECFF2E0EF1608F400
:109DF0005DCFF5CFCF93DF93EC01788DAF8D7115EB
:109E000089F09A2F80E0FE01E90FF11D20A331A314
:109E100042A353A38F5F9C5F7813F5CF770F770F23
:109E2000A70FAF8F898D8A0F9927991FC4971CF4AC
:109E3000DF91CF910895CE0180969F938F931F92CB
:109E4000AF938C8D8F938B8D8F931F926F9386E939
:109E50009DE09F938F930E948E0C1F8E8B8D9C8D07
:109E600001969C8F8B8F8DB79EB70A960FB6F8948C
:109E70009EBF0FBE8DBFDF91CF910895B09B17C0DD
:109E800081E086BB8091990290919A02019690930D
:109E90009A028093990220E030E8309306012093E3
:109EA0000501909308018093070181E00895809156
:109EB000990290919A02019620E030E0EECFF8945A
:109EC00088E198E00FB6F894A895809360000FBEE3
:109ED00090936000FFCF9C018FEF860F611509F111
:109EE000682F70E06F5F7F4F620F731F8FEF9FEFE0
:109EF000F9012F5F3F4F40818427082E8295807F94
:109F00008025092E982F82958F7008268695982790
:109F10008927880F880F880F80252617370741F774
:109F200008958FEF9FEF089578940E9435192FB709
:109F3000F8946091840070918500809199029091CD
:109F40009A02B09902C02FBF08952FBF7F3FE1F35F
:109F5000019608952F923F924F925F926F927F9257
:109F60008F929F92AF92BF92CF92DF92EF92FF9229
:109F70000F931F93CF93DF93CDB7DEB76E970FB6D6
:109F8000F894DEBF0FBECDBF8B8B9C8B6A017B012B
:109F90000E94974F6F8B788F898F9A8F0F89188DBA
:109FA000298D3A8DAB89BC8950960D931D932D93C5
:109FB0003C9353979E961C929E979A96BC91BB8F0A
:109FC000B2FDF1C1FB8DFB7FFC8FAB89BC899A96FA
:109FD000FC939A97FD01868D978DA0A1B1A18C1558
:109FE0009D05AE05BF050CF0BCC182A193A1A4A143
:109FF000B5A1C816D906EA06FB060CF0B2C186A1C7
:10A0000097A1A0A5B1A597018601081B190B2A0BE2
:10A010003B0BC901B80123A934A945A956A90E943F
:10A0200078560EE00E94B256B22FA32F942E852EA2
:10A0300050586F4F7F4F8F4F9F4F2115310541056E
:10A040005105614071058105910508F0D7C14B2E7E
:10A050005A2EEB89FC89A7A8B0ACF5018381811544
:10A0600009F4D6C18181811509F44EC1C82ED12CC5
:10A07000DE8ACD8A44815581668177816A017B01C0
:10A0800000E010E098014983DA82EB82FC820D83C4
:10A090001E832F8338878281282E08E0A00EB11CF2
:10A0A000BD87AE879F86888A1A8A198ABE8EAD8E32
:10A0B00004C04D865E866F86788A6D857E858F8525
:10A0C0009889AD8DBE8D2D913D914D915C910E94F1
:10A0D0007856A980BA80CB80DC80ED80FE800F812D
:10A0E00018850E94CF56022D0E94B25649015A018E
:10A0F00050586F4F7F4F8F4F9F4F211531054105AE
:10A100005105614071058105910508F07EC1ED8D15
:10A11000FE8D4488558866887788480C591C6A1CCF
:10A120007B1C6D857E858F8598892481358146814C
:10A1300057810E94785659016A017B018C0129815F
:10A140003A814B815C816D817E818F8198850E94EF
:10A15000CF56022D0E94B256B22FA32FF42FE52F17
:10A1600050586F4F7F4F8F4F9F4F2115310541053D
:10A170005105614071058105910508F046C1B98717
:10A18000AA87FB87EC87C301B201AD8DBE8D1C96FB
:10A190002D913D914D915C911F970E9478565901E8
:10A1A0006A017B018C0129813A814B815C816D813F
:10A1B0007E818F8198850E94CF56022D0E94B256D3
:10A1C00049015A0150586F4F7F4F8F4F9F4F2115B4
:10A1D000310541055105614071058105910508F082
:10A1E00014C189859A85AB85BC8588199909AA0906
:10A1F000BB09ED8DFE8D408D518D628D738D840F69
:10A20000951FA61FB71F848B958BA68BB78B6D856B
:10A210007E858F85988920853185428553850E946A
:10A22000785659016A017B018C0129813A814B8161
:10A230005C816D817E818F8198850E94CF56022D31
:10A240000E94B256B22FA32FF42FE52F50586F4F14
:10A250007F4F8F4F9F4F21153105410551056140BB
:10A2600071058105910508F0D0C0B987AA87FB87E1
:10A27000EC87C301B201AD8DBE8D50962D913D91FD
:10A280004D915C9153970E94785659016A017B0168
:10A290008C0129813A814B815C816D817E818F8126
:10A2A00098850E94CF56022D0E94B25649015A014C
:10A2B00050586F4F7F4F8F4F9F4F211531054105EC
:10A2C0005105614071058105910508F09EC08985A1
:10A2D0009A85AB85BC8588199909AA09BB09ED8DBA
:10A2E000FE8D808F918FA28FB38F09891A890F5F9E
:10A2F0001F4F1A8B098B7C96FE8FED8F2D893E891F
:10A300000217130709F0D5CEC20157FC5AC0AB891A
:10A31000BC899F964D915D916D917C91D297092E4C
:10A32000001C000884179507060607060CF04EC0AF
:10A330006E960FB6F894DEBF0FBECDBFDF91CF9102
:10A340001F910F91FF90EF90DF90CF90BF90AF9053
:10A350009F908F907F906F905F904F903F902F9045
:10A360000895AB89BC899C966C919C975C968D9165
:10A370009C916E960FB6F894DEBF0FBECDBFDF91F5
:10A38000CF911F910F91FF90EF90DF90CF90BF90F2
:10A39000AF909F908F907F906F905F904F903F9085
:10A3A0002F900C945029EB89FC89408D518D628D42
:10A3B000738D892F041715072607870B87FDB8CFE4
:10A3C00001CE8827992784199509A1CFBB8DB1FDAE
:10A3D000AFCFCF88D88CE98CFA8CAB89BC891C961E
:10A3E000CD92DD92ED92FC921F978C8D82609A96B1
:10A3F0008C939A979B966C919B97B8CFEB89FC892D
:10A4000064A56F5F848D958DB4CF83E30E94AC0A01
:10A4100082E30E94AC0A1F920F920FB60F92112492
:10A420000BB60F92CF92DF92EF92FF920F931F9392
:10A430002F933F934F935F936F937F938F939F934C
:10A44000AF93BF93CF93DF93EF93FF930CC08091B3
:10A450008400909185008E199F0997FD7EC07894A5
:10A46000B2999EC0F894C0912201D0912301EA8153
:10A47000FB81309709F0B6C0EA8DFB8D2C8D2083CF
:10A480008E859F85019709F4C8C09F878E87C884F1
:10A49000D984EA84FB844C815D816E817F814C0D7F
:10A4A0005D1D6E1D7F1D4C835D836E837F832083C6
:10A4B0008CA586FF0EC08C859D85092E000CAA0BED
:10A4C000BB0B8C0D9D1DAE1DBF1D88879987AA876C
:10A4D000BB877A01E881F981048115812681378162
:10A4E000972F872F401751076207830B87FDAFCF48
:10A4F0007801F0932301E0932201A0912401B0910F
:10A50000250114960D911D912D913C911797872F40
:10A51000401751076207830B87FFFD01DF010190A0
:10A52000F081E02D0481158126813781892F401724
:10A5300051076207830B87FFF1CFF983E883CD933F
:10A54000DC93D0932501C0932401809184009091E5
:10A5500085008E199F0997FF82CF863A9F4F0CF096
:10A560007EC0F0928900E0928800FF91EF91DF9128
:10A57000CF91BF91AF919F918F917F916F915F919B
:10A580004F913F912F911F910F91FF90EF90DF908E
:10A59000CF900F900BBE0F900FBE0F901F9018958D
:10A5A000F89480918400909185009701281B390BC5
:10A5B0002038314C0CF44CC09C012854344F40914D
:10A5C000270147FF3CC0409126014093270130936B
:10A5D0008B0020938A0024E026BB9093890080930F
:10A5E000880035CFCE0109954C815D816E817F81D8
:10A5F00081116FCFE881F98144815581668177812E
:10A60000F0932301E0932201809124019091250190
:10A61000C817D90771F07A011ACFCE010E9410270E
:10A62000EA8DFB8D9C8D90834C815D816E817F8155
:10A63000DFCFF0932501E09324017A0108CF309316
:10A640008B0020938A0024E026BB93957C0189CF60
:10A65000209128012111B0CF87E30E94AC0A7894A1
:10A66000B2999ECFF894F3CE803298F5E82FE69514
:10A67000E695E695F0E0EE0FFF1FEA5DF14FA5913C
:10A68000B591109731F1877021E030E0A90102C047
:10A69000440F551F8A95E2F7CA014FB7F8941196F7
:10A6A0002C911197282B61110FC012965C91129773
:10A6B000382F3095352312963C93129711962C9390
:10A6C00011974FBFBD01089512963C911297382BF8
:10A6D000F2CF89E30E94AC0A803290F567FD30C06A
:10A6E000E82FE695E695E695F0E0EE0FFF1FEA5DB0
:10A6F000F14FA591B591109719F1877021E030E0E5
:10A70000A90102C0440F551F8A95E2F7CA015FB73D
:10A71000F894482F409512962C911297611571F07C
:10A72000282B11963C911197342311963C93119745
:10A7300012962C9312975FBFBD0108952423F1CF89
:10A7400088E30E94AC0ACF92DF92EF92FF926B01F6
:10A750007C0109C00E94974F292F6C157D058E053D
:10A760002F0927FF09C08091BC0087FFF3CFFF901E
:10A77000EF90DF90CF9008958DE30E94AC0A8CE3B8
:10A780000E94AC0ACF92DF92EF92FF921F93CF9379
:10A79000DF936A017B0140E852E1FA019491981736
:10A7A00049F0475F5F4FF2E1483C5F07B1F781E452
:10A7B0000E94AC0A3896949191FF68C030E4C316A9
:10A7C0003FEBD306E104F10408F084C0C0EACC16E4
:10A7D000CFE5DC06E104F10408F0A6C0D8EDCD1603
:10A7E000D7E2DD06E104F10408F069C0E7EFCE1618
:10A7F000E8E0DE06E104F10408F05FC011E0FA01D0
:10A800003396A591B591FA013596C591D591FA0186
:10A8100037963491E82FE695E695E695F0E0EE0F51
:10A82000FF1FEA5DF14F659175918770E1E0F0E0FF
:10A830007F0101C0EE0C8A95EAF7FA013196459145
:10A840005591892F8170A038B10509F474C0DFB625
:10A85000F89498819770911511F0191369C01883B5
:10A86000811579F1FA0120839C91932B91609C933F
:10A87000FB0191819E299183DFBEBA01DF91CF91C7
:10A880001F91FF90EF90DF90CF900895D0ECCD1600
:10A89000DEE3DD06D1E0ED06F104B8F5E8EBCE1617
:10A8A000E7E4DE06E104F10450F4F7EFCF16F8E038
:10A8B000DF06E104F10408F4A1CF12E0A0CF13E019
:10A8C0009ECF9FB7F894E22FF0E0EA01F983E88386
:10A8D0009FBFCACFF0E8CF16FEE7DF06F1E0EF0634
:10A8E000F10420F130E8C31A3EE7D30A31E0E30A6D
:10A8F000F10816E0C0E8CC16CCE7DC06C3E0EC06B5
:10A90000F10408F47CCF17E07ACF30ECC31A3EE3B1
:10A91000D30A31E0E30AF108C0E4CC16CCEBDC0644
:10A92000C3E0EC06F10410F414E069CF15E067CF42
:10A930008FE30E94AC0A80E40E94AC0A1F920F923F
:10A940000FB60F92112481E08093C20182E40E942D
:10A95000AC0A1F921FB61F9211248F938BB78F934F
:10A960009F93EF93FF938091C6008E37B1F0E091F3
:10A970008402E03C40F491E09E0F90938402F0E06A
:10A98000EC53FE4F8083FF91EF919F918F918BBF8E
:10A990008F911F901FBE1F90189510922601E7CF30
:10A9A0008F938FB78F938BB78F93EF93FF93E09134
:10A9B000960180919501E81790F481E08E0F8093C5
:10A9C0009601F0E0EB5CFE4F80818093C600FF9122
:10A9D000EF918F918BBF8F918FBF8F911895809141
:10A9E000C1008F7D8093C100F2CF4F925F926F9232
:10A9F0007F929F92AF92BF92CF92DF92EF92FF929F
:10AA00000F931F93CF93DF9300D000D0CDB7DEB765
:10AA10002DB73EB73C832B838350990BDC01AC539D
:10AA2000BE4F7D01B6ECEB16B1E0FB0609F008F471
:10AA3000E3C006EC11E06EE7A62E62E1B62EEDB79C
:10AA4000FEB7FA83E983D8018C91282F30E087FD87
:10AA5000EEC00F5F1F4F2115310509F40AC1F50142
:10AA6000859195912817390708F003C1C901880F0E
:10AA7000991F880F991F880F991F820F931FFC0140
:10AA8000EA53F14FE4912DB73EB744E0E49F20191B
:10AA9000310911240FB6F8943EBF0FBE2DBFADB7DC
:10AAA000BEB711966D01FC01E853F14F2491FC01F2
:10AAB000E753F14F45915591FA014FEF420F2115A0
:10AAC00009F47DC09F012F5F3F4F420F532F511D4F
:10AAD0009D0125C0673009F0C9C0D8014D90BD0166
:10AAE0008D01040D111DE016F10608F4BFC0512CB4
:10AAF000612C712CD9014D925D926D927C921397CD
:10AB00002B01612C712C14964D925D926D927C926A
:10AB10001797285F3F4FE417F50709F450C0E01678
:10AB2000F10608F4A3C064913196653098F6B90136
:10AB30006C5F7F4FD8019D908D01B92DBF774B2E53
:10AB4000512C612C712CB92DB076B03631F4B0EEA9
:10AB50004B2A55245A94652C762C97FE25C0D80193
:10AB6000AC910F5F1F4F440C551C661C771C440CA6
:10AB7000551C661C771C440C551C661C771C440C29
:10AB8000551C661C771C440C551C661C771C440C19
:10AB9000551C661C771C440C551C661C771CBA2F70
:10ABA000BF774B2AA7FDDBCFD9014D925D926D9205
:10ABB0007C9213979B01E417F50709F0B0CF209121
:10ABC0002801211531F0FC01E953F14FE491E0FF38
:10ABD0003BC08553914FFC0125913591C601F90188
:10ABE000099529813A810FB6F8943EBF0FBE2DBF5B
:10ABF0000E151F0508F423CF8B819C810FB6F894A6
:10AC00009EBF0FBE8DBF0F900F900F900F90DF91E2
:10AC1000CF911F910F91FF90EF90DF90CF90BF9059
:10AC2000AF909F907F906F905F904F900895369572
:10AC3000322F22273795279520783F73F80181819D
:10AC4000282B0E5F1F4F07CF809129011F928F93F2
:10AC50008AE19EE09F938F930E948E0CE981FA8196
:10AC60000FB6F894FEBF0FBEEDBFC2CF87E00E94C3
:10AC7000AC0A85E00E94AC0ADB018F939F930E948F
:10AC80006D56BF91AF91A29F800D911DA39F900D16
:10AC9000B29F900D112408950E9456568F93892FCC
:10ACA0000E94565699270F90800D0895082E8170A6
:10ACB00006940694811D0694811D0694811D0694B8
:10ACC000811D0694811D0694801D0895692796278D
:10ACD000692778278727782708950E94D856A59F47
:10ACE000900DB49F900DA49F800D911D1124089587
:10ACF00097FB57FF0C9488569F938F930E9488561A
:10AD00006E1B7F0BAF91BF918A0B9B0B0895E8944C
:10AD1000DF93CF93FC01DB010E94D8567F936F93A2
:10AD2000E9019A01AC01BF93AF933F932F93DF01E9
:10AD30000E94D85626F46C1B7D0B820B930B9E0150
:10AD4000EB01FC010E94E756AF91BF912F913F911B
:10AD50000E94E756BE01CF01F9012F913F91CF919B
:10AD6000DF91089597FD1094002E083098F0085058
:10AD7000232F342F452F562F672F782F892F912D72
:10AD8000F4CF15949795879577956795579547953F
:10AD9000379527950A95AAF71124002D08952A0DB5
:10ADA0003B1D4C1D5D1D6E1D7F1D801F911F089555
:10ADB000A29FB001B39FC001A39F700D811D1124FC
:10ADC000911DB29F700D811D1124911D08950E9447
:10ADD000D856460F571FC81FD91F08F4319608953B
:10ADE000DC012D923D924D925D926D927D928D92FD
:10ADF0009D92AD92BD92CD92DD92ED92FD920D931A
:10AE00001D93CD93DD93FF91EF918DB78D938EB709
:10AE10008D938FB78D93ED93FD9388279927099490
:10AE2000DC01CB0181309105811D2D903D904D902D
:10AE30005D906D907D908D909D90AD90BD90CD90EA
:10AE4000DD90ED90FD900D911D91CD91DD91ED91F5
:10AE5000FD910D90F894FEBF0FBEEDBFED91FD91F9
:10AE60000994FB01DC0102C005900D924150504055
:10AE7000D8F70895FC014150504030F0019006167B
:10AE8000D1F73197CF010895882799270895FB01BD
:10AE9000DC0102C001900D9241505040D8F7089556
:10AEA0006817790768F4FB01DC01E40FF51FA40FB4
:10AEB000B51F02C002900E9241505040D8F708953D
:10AEC0000C944757DC0101C06D9341505040E0F7AE
:06AED0000895F894FFCF85
:10AED600FF00003E4F00800000100000AF09000098
:10AEE60000000000B30A0000008012019109000072
:0AAEF60000001A011A01000000001C
:00000001FF
